wavelength_nm,S11a,S12a,S21a,S22a,S11m,S12m,S21m,S22m
1600.0,-2.25910101327634,-0.01990805254416295,-0.020665316561448908,-2.7315511968090234,0.004062329308776594,0.990987224589586,0.9879013676022342,0.005402640465927793
1597.3244147157188,-2.250877976002494,0.03783297919141906,0.03708761504756413,-2.726593900131877,0.003967515682865298,0.991255321313529,0.9882272136880135,0.005266087275335709
1594.6577629382305,-2.2425612254512983,0.09557117412409896,0.09483790852242667,-2.721588017912173,0.0038740053909631375,0.9915200580536503,0.9885493087325208,0.005131591339519999
1592.0,-2.2341459291902583,0.15330639829063758,0.15258542414598208,-2.7165307722326193,0.0037817886210391345,0.9917813399566261,0.98886755035502,0.004999132804340986
1589.351081530782,-2.2256269919521454,0.21103853179907991,0.2103300352718458,-2.7114191461883776,0.0036908566725917355,0.9920390735381537,0.9891818368589552,0.00486869269384188
1586.7109634551496,-2.216999009738066,0.2687674683165837,0.26807162781647026,-2.706249847535477,0.00360120192864274,0.9922931671064329,0.9894920677237312,0.0047402528411029975
1584.07960199005,-2.2082562201798135,0.3264931145632207,0.32581009976293146,-2.701019269883621,0.003512817817261705,0.9925435311707996,0.989798144085731,0.004613795813595468
1581.4569536423842,-2.19939244921365,0.3842153898132683,0.3835453606781575,-2.695723451383764,0.0034256987637102014,0.9927900788337951,0.9900999692061483,0.004489304834429612
1578.8429752066115,-2.1904010541272125,0.44193422540490873,0.44127733124468027,-2.690358030838458,0.0033398401344318517,0.9930327261647937,0.9903974489230196,0.00436676370094686
1576.2376237623762,-2.1812748630261813,0.4996495642592896,0.49900594280793886,-2.6849182011179775,0.0032552381742281078,0.9932713925535229,0.9906904920850418,0.004246156702106431
1573.6408566721582,-2.1720061107906012,0.5573613604092811,0.5567311369394539,-2.679398659739725,0.0031718899380726844,0.9935060010418029,0.9909790109647219,0.0041274685361749035
1571.0526315789473,-2.1625863715559683,0.615069578538614,0.6144528650164764,-2.6737935563957107,0.00308979321910785,0.9937364786319886,0.9912629216485958,0.004010684230176686
1568.472906403941,-2.1530064877779345,0.6727741935310985,0.672171087817649,-2.668096437175035,0.0030089464744094286,0.9939627565707274,0.9915421444023663,0.0038957890625791317
1565.9016393442623,-2.1432564959018188,0.7304751900301081,0.7298857751346269,-2.6623001851323616,0.0029293487501757596,0.9941847706067991,0.9918166040089952,0.0037827684906107657
1563.3387888707036,-2.133325548667207,0.7881725620080693,0.787596905399094,-2.6563969567837686,0.0028509996080012937,0.9944024612219993,0.9920862300780188,0.0036716080835819797
1560.7843137254902,-2.1232018340433583,0.8458663123451466,0.8453044653239986,-2.6503781139942197,0.0027738990538989446,0.9946157738342122,0.9923509573245539,0.003562293463469203
1558.2381729200652,-2.112872490800048,0.903556452417024,0.9030084495584848,-2.644234150616147,0.0026980474717240386,0.9948246589720429,0.9926107258167567,0.0034548102539827654
1555.700325732899,-2.102323520682335,0.9612430016907101,0.9607088603549688,-2.637954613083591,0.0026234455626157225,0.9950290724206189,0.992865481190774,0.003349144039215261
1553.170731707317,-2.0915396971566564,1.0189259873276133,1.0184057072470918,-2.6315280140109385,0.0025500942920120263,0.9952289753383488,0.9931151748324594,0.0032452803328738146
1550.6493506493507,-2.0805044706852494,1.0766054437932588,1.0760990067373664,-2.624941737652434,0.002477994845721478,0.9954243343447474,0.9933597640255251,0.0031432045589984666
1548.1361426256078,-2.0691998704844314,1.1342814124723548,1.1337887819926429,-2.6181819358540688,0.0024071485964650987,0.9956151215795942,0.9935992120660038,0.003042902044976943
1545.6310679611652,-2.0576064027266967,1.1919539412886098,1.191475062546204,-2.6112334128693453,0.0023375570821742133,0.9958013147339672,0.993833488343254,0.0029443580275391986
1543.13408723748,-2.04570294518407,1.2496230843282878,1.2491578840048567,-2.6040794971135246,0.0022692219972340563,0.9959828970539198,0.9940625683880255,0.002847557672358951
1540.6451612903224,-2.033466638332787,1.307288901466485,1.3068372877594039,-2.5967018975588703,0.0022021451977371114,0.9961598573177778,0.9942864338883795,0.0027524861077761844
1538.1642512077294,-2.0208727730459217,1.364951457995686,1.364513320697444,-2.5890805420835097,0.0021363287216600814,0.9963321897882261,0.994505072674539,0.002659128473139115
1535.6913183279742,-2.0078946750929405,1.4226108242554671,1.4221860349167763,-2.5811933945794454,0.0020717748247369213,0.9964998941405854,0.9947184786740033,0.002567469982182426
1533.2263242375602,-1.9945035868381975,1.4802670752630505,1.4798554874385443,-2.573016247060769,0.002008486032651908,0.9966629753687899,0.9949266518384706,0.0024774960018985473
1530.769230769231,-1.9806685467824645,1.5379202903440825,1.537521739918951,-2.564522482348967,0.001946465209989489,0.9968214436707843,0.9951295980443593,0.0023891921473689045
1528.32,-1.9663562678927498,1.595570552763341,1.5951848583587347,-2.555682802107782,0.001885715646223626,0.9969753143151343,0.995327328968859,0.002302544393128681
1525.8785942492013,-1.9515310161248554,1.653217949355094,1.6528449128096638,-2.5464649140841717,0.0018262411588040597,0.9971246074907951,0.9955198619436264,0.0022175392017596916
1523.4449760765551,-1.9361544911093518,1.7108625701532323,1.7105019770777337,-2.5368331713007892,0.0017680462132243016,0.997269348142015,0.9957072197883468,0.0021341636706577395
1521.0191082802546,-1.9201857117230012,1.7685045080210935,1.7681561284226095,-2.526748154654988,0.0017111360596892256,0.9974095657904349,0.9958894306264677,0.002052405698185434
1518.6009538950716,-1.90358091024873,1.8261438582814076,1.825807447253397,-2.516166188860234,0.0016555168857473976,0.9975452943464705,0.9960665276854994,0.0019722541708552714
1516.1904761904761,-1.8862934400482332,1.883780718346861,1.883456016820965,-2.5050387798702434,0.001601195983939069,0.9976765719120188,0.996238549084235,0.0018936991737013994
1513.7876386687797,-1.8682737032214316,1.9414151873517034,1.9411019229069968,-2.493311959840546,0.0015481819331501754,0.9978034405765525,0.9964055376092988,0.001816732226694779
1511.392405063291,-1.8494691066431885,1.9990473657853565,1.9987452535105479,-2.4809255232693608,0.0014964847918750046,0.9979259462086219,0.9965675404833911,0.0017413465508773639
1509.0047393364928,-1.82982405711461,2.0566773551289086,2.0563860985328595,-2.467812135188572,0.001446116301080321,0.9980441382446146,0.9967246091274267,0.0016675373690127498
1506.6246056782334,-1.809280009175162,2.1143052574953924,2.1140245494612295,-2.4538962891658898,0.001397090093633254,0.9981580694766949,0.9968767989188578,0.0015953022468354703
1504.2519685039372,-1.7877755824677592,2.1719311752753336,2.171660699053389,-2.43909308950723,0.0013494219064046384,0.9982677958415096,0.9970241689481074,0.0015246414826552506
1501.8867924528304,-1.7652467693782572,2.229555210788487,2.229294641023292,-2.4233068285165684,0.0013031297900698783,0.9983733762113519,0.9971667817751377,0.0014555585550424547
1499.529042386185,-1.7416272579950764,2.28717746594334,2.286926469729941,-2.4064293263283756,0.0012582343103110423,0.9984748721890845,0.9973047031877861,0.0013880606407807423
1497.17868338558,-1.716848900078244,2.3447980419058427,2.3445562798707598,-2.388337998223395,0.0012147587324628684,0.9985723479081812,0.9974380019635284,0.0013221592181624324
1494.8356807511736,-1.6908423584372219,2.402417038778588,2.4021841661808536,-2.368893613421185,0.0011727291797105413,0.998665869838878,0.9975667496359177,0.0012578707741399402
1492.5,-1.6635379724823096,2.4600345552922653,2.4598102231400754,-2.3479377118231675,0.0011321747526260527,0.9987555066013982,0.9976910202669541,0.0011952176378050576
1490.1716068642745,-1.6348668840272846,2.517650688510532,2.5174345446892086,-2.325289653791561,0.0010931275951897837,0.99884132878694,0.9978108902262534,0.0011342289670403626
1487.8504672897195,-1.6047624666960503,2.5752655335500485,2.5750572239571374,-2.300743297164163,0.001055622889612771,0.9989234087869342,0.9979264379777597,0.001074941919731027
1485.5365474339035,-1.5731621002354177,2.6328791833170313,2.632678353000539,-2.2740633325035633,0.0010196987592604966,0.9990018206309496,0.9980377438745165,0.001017403045025933
1483.2298136645961,-1.5400093238522379,2.6904917282615193,2.6902980225574473,-2.244981372753923,0.0009853960563038753,0.9990766398333668,0.99814488996178,0.0009616699326714567
1480.9302325581393,-1.5052563884876389,2.7481032561508427,2.747916321816348,-2.21319200371521,0.0009527580085450802,0.9991479432488372,0.9982479597885842,0.0009078131573054031
1478.6377708978328,-1.468867204430996,2.8057138518633606,2.8055333382020144,-2.1783491806893767,0.0009218296990322455,0.9992158089362987,0.9983470382276389,0.0008559185461279892
1476.3523956723338,-1.4308206461093247,2.8633235972035465,2.8631491571793304,-2.1400636372103308,0.0008926573532339391,0.9992803160312561,0.9984422113033186,0.000806089776555088
1474.0740740740741,-1.3911141291448228,2.9209325707392226,2.920763862076017,-2.0979023943598207,0.0008652874126900792,0.9993415446258054,0.9985335660272705,0.0007584512655737118
1471.8027734976886,-1.3497673166947766,2.9785408476618946,2.9783775339253413,-2.051392064632397,0.0008397653821539237,0.9993995756558304,0.9986211902411143,0.0007131512302012733
1469.5384615384614,-1.3068257460123607,3.0361484996706367,3.035990251329368,-2.000028450542479,0.0008161344501410947,0.9994544907946068,0.9987051724654737,0.0006703646588233567
1467.2811059907833,-1.2623640993544625,3.0937555948799207,3.093602090343197,-1.9432958885298675,0.0007944339008723066,0.9995063723520579,0.9987856017546017,0.0006302957131690451
1465.0306748466257,-1.2164887869222216,3.1513621977517903,3.151213124380686,-1.8807006529475085,0.0007746973585059279,0.999555303178756,0.9988625675557026,0.0005931787622899949
1462.7871362940275,-1.1693394782000281,3.2089683690522044,3.2088234241414857,-1.8118229597259958,0.0007569509306976735,0.99960136657373,0.9989361595720274,0.0005592768414700068
1460.5504587155965,-1.121089227685287,3.266574165831688,3.2664330575595626,-1.736390669807187,0.0007412113451006419,0.9996446461951346,0.9990064676287941,0.0005288759058252043
1458.3206106870227,-1.0719429050274327,3.32417964142976,3.324042089772669,-1.6543732417983736,0.0007274841951292724,0.9996852259727973,0.9990735815410025,0.0005022730094287186
1456.0975609756097,-1.0221337633550147,3.381784845502643,3.3816505831122403,-1.566085598301804,0.000715762425331236,0.9997231900216679,0.9991375909821875,0.00047975684771265725
1453.8812785388127,-0.9719181566744752,3.439389824073846,3.4392585971132816,-1.4722790070931948,0.0007060251872263176,0.9997586225552372,0.9991985853532407,0.0004615804079566336
1451.671732522796,-0.9215686257832381,3.496994619606361,3.496866188542925,-1.3741846311240726,0.0006982371803926563,0.9997916077980333,0.9992566536504932,0.00044792802586354416
1449.4688922610014,-0.8713657783749709,3.5545992710958463,3.554473411446972,-1.2734744778427658,0.0006923485605350581,0.9998222298963364,0.9993118843323024,0.0004388824620022578
1447.2727272727273,-0.8215895530754093,3.612203814183437,3.612080317213003,-1.1721230672680936,0.0006882954494771391,0.9998505728263892,0.9993643651835447,0.00043440013664417047
1445.0832072617245,-0.7725105444359721,3.6698082812869584,3.6696869546487565,-1.0721895303376152,0.0006860010279854147,0.9998767202994147,0.9994141831774946,0.00043430233988662537
1442.9003021148035,-0.7243820568777333,3.727412701749209,3.7272933700743813,-0.9755758972228472,0.0006853771394529742,0.9999007556628786,0.9994614243347172,0.00043828614678055464
1440.7239819004524,-0.6774334523939614,3.785017102001622,3.784899607426812,-0.8838290574504197,0.0006863262892676036,0.9999227617975651,0.999506173578754,0.0004459524961597849
1438.5542168674697,-0.6318651822120411,3.8426215057420716,3.8425057083750063,-0.7980326841186367,0.0006887438973758051,0.9999428210101338,0.9995485145885372,0.00045684377446133584
1436.390977443609,-0.5878456831174707,3.9002259341247605,3.9001117124439353,-0.7187965816317647,0.0006925206530566102,0.9999610149209484,0.999588529647585,0.0004704818080498709
1434.234234234234,-0.5455101140616437,3.9578304059608507,3.957717657146,-0.6463187826974719,0.000697544830178675,0.9999774243471423,0.9996262994902743,0.00048639933807419
1432.0839580209895,-0.5049607402623015,4.015434937927941,4.015323578118004,-0.5804836427862708,0.0007037044442756492,0.9999921291809517,0.9996619031455396,0.0005041618089957338
1429.940119760479,-0.46626865897039765,4.073039544786708,4.072929509262049,-0.5209644797238583,0.0007108891639799646,1.0000052082635578,0.9996954177786112,0.0005233795742506703
1427.8026905829595,-0.42947650782119406,4.130644239603074,4.130535482888808,-0.46731191742008843,0.0007189919228949238,1.0000167392547374,0.9997269185314582,0.0005437124625350867
1425.6716417910447,-0.394601795577708,4.188249033974068,4.188141529861504,-0.4190208055920849,0.0007279102091997877,1.0000267984988025,0.9997564783628202,0.0005648691584338759
1423.5469448584204,-0.36164053232436266,4.245853938255891,4.245747679739221,-0.3755760820610404,0.0007375470360510034,1.000035460887376,0.9997841678887802,0.0005866035698421544
1421.4285714285713,-0.33057089542177337,4.303458961792679,4.303353960918341,-0.33648137796838135,0.0007478116147195945,1.0000427997197359,0.9998100552250074,0.0006087097817491045
1419.3164933135217,-0.3013567350413122,4.361064113144175,4.360960400770508,-0.30127495590373116,0.0007586197644826498,1.0000488865614425,0.9998342058318078,0.0006310166290822972
1417.2106824925816,-0.27395078811162704,4.418669400311316,4.418567025776507,-0.2695370649412348,0.0007698940992668542,1.0000537911021836,0.9998566823633135,0.0006533824794689922
1415.111111111111,-0.2482975256989092,4.476274830958065,4.476173861654705,-0.24089186538251542,0.0007815640324666571,1.0000575810137402,0.9998775445221051,0.000675690516562123
1413.01775147929,-0.22433560338972092,4.533880412628693,4.5337809334837065,-0.21500615597633818,0.0007935656394229419,1.00006032180908,0.9998968489206441,0.0006978446300281106
1410.930576070901,-0.20199991664778444,4.591486152959055,4.591388265818211,-0.19158639051193127,0.0008058414131818189,1.000062076703646,0.9999146489509315,0.0007197659151348964
1408.8495575221239,-0.18122328476108923,4.6490920598812515,4.648995882797967,-0.17037492499567164,0.0008183399442582035,1.0000629064798858,0.9999309946637494,0.0007413897335218926
1406.7746686303387,-0.16193779977162695,4.706698141820783,4.7066038082495085,-0.1511460621576157,0.0008310155500273888,1.0000628693561264,0.9999459326588714,0.0007626632660924513
1404.7058823529412,-0.14407588277729208,4.764304407885392,4.764212065780423,-0.13370221460185033,0.000843827874430743,1.0000620208608868,0.9999595059875619,0.0007835434850689404
1402.6431718061674,-0.12757109131063177,4.821910868045354,4.821820678866559,-0.11787035309327006,0.0008567414743008965,1.0000604137136695,0.999971754068595,0.0008039954768191129
1400.5865102639295,-0.11235871970450288,4.879517533304468,4.879429670932076,-0.10349881224042637,0.0008697254048150057,1.0000580977132714,0.9999827126189481,0.0008239910551435101
1398.5358711566616,-0.09837623065427069,4.937124415861853,4.937039065423123,-0.09045447071102831,0.00088275281343474,1.0000551196346181,0.9999924136002708,0.0008435076137224112
1396.4912280701753,-0.0855635516757262,4.994731529264133,4.994648885875424,-0.07862029275012514,0.0008958005491939397,1.0000515231350096,1.0000008851819864,0.0008625271751028727
1394.4525547445257,-0.07386326532750655,5.052338888548006,5.052259155976485,-0.06789320243845612,0.0009088487921453386,1.0000473486706347,1.0000081517218524,0.0008810356012434012
1392.4198250728862,-0.06322071733163605,5.109946510373499,5.109869899623445,-0.058182255745201056,0.0009218807062849895,1.0000426334241224,1.0000142337646003,0.0008990219372255489
1390.3930131004365,-0.0535840624299384,5.167554413147788,5.167481140977145,-0.0494070742473381,0.0009348821180610672,1.0000374112437744,1.0000191480591016,0.0009164778651750021
1388.3720930232557,-0.04490426391485645,5.225162617140017,5.225092904513591,-0.041496505905848274,0.0009478412217149665,1.0000317125950484,1.0000229075943488,0.0009333972498843136
1386.3570391872279,-0.03713505946398022,5.2827711445874765,5.282705215073823,-0.034387481225324805,0.000960748312014813,1.0000255645247373,1.000025521654351,0.0009497757611908346
1384.3478260869565,-0.030232903065474392,5.340380019793322,5.340318097913058,-0.02802403654674172,0.000973595544486328,1.0000189906381503,1.0000269958918309,0.0009656105610857386
1382.3444283646888,-0.02415689048125144,5.39798926921664,5.397931578750543,-0.022356479726795924,0.000986376722831103,1.000012011089548,1.000027332420464,0.000980900045746477
1380.3468208092484,-0.018868673765586704,5.455598921554917,5.4555456838207395,-0.017340676756026505,0.000999087112982879,1.0000046425858784,1.0000265299251654,0.0009956436345463775
1378.3549783549786,-0.014332368817454158,5.513209007819763,5.5131604399272645,-0.012937440886063587,0.0010117232829872599,0.9999968984037995,1.0000245837897688,0.001009841599473183
1376.3688760806915,-0.010514458712702311,5.570819561406193,5.570775874500352,-0.009112008490366148,0.0010242829677461812,0.9999887884198382,1.0000214862412544,0.0010234949295492475
1374.388489208633,-0.0073836946003211276,5.628430618156046,5.628392015658849,-0.0058335881942793485,0.0010367649574739987,0.9999803191534071,1.0000172265095078,0.0010366052256712902
1372.4137931034484,-0.004910995232188599,5.686042216416025,5.686008892277568,-0.0030749718285991955,0.0010491690086010742,0.9999714938223253,1.0000117910014423,0.001049174622018067
1370.444763271162,-0.003069345636528942,5.743654397090772,5.743626534060712,-0.000812197454341359,0.0010614957757157921,0.9999623124103406,1.0000051634881526,0.0010612057306779168
1368.4813753581664,-0.001833695050722421,5.801267203691496,5.801244971622066,0.0009757438419818582,0.0010737467630186272,0.9999527717460943,0.9999973253036466,0.0010727016065704344
1366.5236051502145,-0.0011808540010818907,5.858880682380374,5.858864236572303,0.0023071644014196428,0.0010859242936433775,0.9999428655928803,0.9999882555535923,0.001083665730057109
1364.5714285714284,-0.0010893901920632945,5.916494882011204,5.916484361613905,0.003197905727435589,0.0010980314951059783,0.9999325847484576,0.9999779313324054,0.001094102004899721
1362.6248216833096,-0.0015395228454509534,5.9741098541664535,5.97410538064379,0.003661538573784741,0.0011100722990395064,0.9999219171541285,0.9999663279469425,0.001104014769416922
1360.6837606837607,-0.002513015073979643,6.031725653190935,6.031727328863706,0.003709541742761949,0.0011220514532551027,0.999910848012246,0.9999534191449929,0.0011134088188238338
1358.7482219061167,-0.00399306392000046,6.089342336222251,6.089350242898312,0.00335146328635547,0.0011339745441567638,0.9998993599112755,0.9999391773467496,0.0011222894369250112
1356.8181818181818,-0.0059641877673213915,6.146959963217915,6.146974160920479,0.002595067250696886,0.0011458480274145605,0.9998874329575014,0.9999235738774113,0.0011306624353840042
1354.8936170212767,-0.00841211092405931,6.204578596979388,6.204599122783664,0.0014464686457361367,0.0011576792647961078,0.9998750449124818,0.9999065791990854,0.0011385341989204696
1352.9745042492918,-0.011323645314567709,6.26219830317262,6.262225170160388,-8.974108653219805e-05,0.0011694765649977127,0.9998621713353286,0.9998881631401934,0.0011459117348403857
1351.0608203677511,-0.014686569355041233,6.3198191503451175,6.319852346686249,-0.0020103761784091042,0.001181249226361294,0.9998487857289255,0.9998682951206278,0.0011528027254318293
1349.1525423728815,-0.018489504231615203,6.377441209939377,6.377480698108628,-0.004313544568180869,0.0011930075793312378,0.99983485968923,0.9998469443710175,0.0011592155817864564
1347.249647390691,-0.02272178799496151,6.435064556302023,6.435110272438644,-0.006998540499624004,0.0012047630265642727,0.9998203630568057,0.9998240801444825,0.0011651594977029078
1345.3521126760563,-0.027373347993853606,6.4926892666888225,6.492741120105699,-0.010065740494105578,0.0012165280786961585,0.9998052640698379,0.999799671919469,0.001170644502430466
1343.459915611814,-0.03243457239413693,6.550315421264792,6.550373294112925,-0.013516501755160353,0.001228316383821993,0.9997895295178748,0.9997736895922671,0.0011756815110482211
1341.5730337078649,-0.03789618164440954,6.607943103099047,6.608006850192199,-0.017353062183904297,0.0012401427489091752,0.9997731248956886,0.9997461036580944,0.0011802823714087184
1339.6914446002804,-0.043749100922519664,6.665572398154192,6.665641846957548,-0.02157844135576982,0.0012520231514718213,0.9997560145566288,0.9997168853796466,0.0011844599066238185
1337.8151260504203,-0.04998433473924532,6.723203395269397,6.723278346054961,-0.026196341943034187,0.0012639747400480358,0.999738161864998,0.9996860069422823,0.0011882279521998446
1335.944055944056,-0.05659284499224058,6.7808361861370425,6.780916412307476,-0.031211051178327454,0.0012760158222041064,0.9997195293470208,0.9996534415951399,0.0011916013870021463
1334.0782122905027,-0.06356543386828527,6.838470865272258,6.838556113853651,-0.03662734206477515,0.0012881658390264804,0.9997000788400733,0.9996191637776687,0.001194596157350088
1332.2175732217572,-0.07089263309042815,6.896107529975074,6.896197522278083,-0.04245037415936704,0.0013004453253241228,0.999679771639931,0.9995831492312499,0.0011972292936394324
1330.3621169916435,-0.07856460103258439,6.953746280284556,6.9538407127321324,-0.04868559382769191,0.0013128758550492036,0.9996585686458577,0.9995453750957471,0.0011995189190157926
1328.511821974965,-0.08657102926734239,7.011387218924943,7.01148576404375,-0.055338633988612246,0.0013254799717313164,0.9996364305034898,0.9995058199910446,0.0012014842497235251
1326.6666666666667,-0.09490106006722583,7.069030451242983,7.069132758814457,-0.0624152134332012,0.0013382811040564342,0.9996133177454758,0.9994644640837521,0.001203145586882111
1324.8266296809986,-0.10354321634226195,7.126676085136681,7.126781783502572,-0.06992103592060936,0.0013513034670437952,0.9995891909299767,0.9994212891394912,0.001204524299564338
1322.9916897506923,-0.11248534535161361,7.184324230975035,7.1844329284911685,-0.07786168930367854,0.0013645719496148297,0.9995640107771628,0.9993762785612895,0.0012056427991783394
1321.1618257261412,-0.12171457740400068,7.241975001508653,7.242086288139585,-0.08624254506040056,0.0013781119896776883,0.9995377383038854,0.9993294174147694,0.001206524505263034
1319.3370165745857,-0.13121730051692224,7.299628511771428,7.299741960817683,-0.0950686586514544,0.0013919494381933514,0.9995103349568158,0.9992806924409947,0.001207193802971005
1317.5172413793102,-0.14097915177382842,7.357284878973235,7.357400048921835,-0.10434467122391354,0.0014061104139645641,0.9994817627443079,0.9992300920579036,0.001207675992584388
1315.702479338843,-0.1509850258177084,7.4149442223837125,7.415060658871805,-0.1140747132566468,0.001420621151219002,0.9994519843673283,0.9991776063514068,0.001207997231595538
1313.8927097661624,-0.16121910055387467,7.472606663207841,7.472723901088408,-0.12426231076479045,0.0014355078422564195,0.9994209633497748,0.9991232270572917,0.0012081844699491247
1312.087912087912,-0.17166487981023396,7.530272324453092,7.530389889950971,-0.13491029478511793,0.0014507964776499563,0.999388664168559,0.9990669475351857,0.0012082653791903348
1310.2880658436213,-0.1823052522961662,7.587941330789239,7.588058743734977,-0.1460207148687403,0.0014665126866507806,0.9993550523837775,0.9990087627358376,0.001208268276367059
1308.4931506849314,-0.1931225658115744,7.645613808401071,7.645730584529556,-0.15759475733206024,0.0014826815804874507,0.9993200947692793,0.9989486691630173,0.0012082220436103375
1306.703146374829,-0.20409871530322873,7.703289884834685,7.703405538134964,-0.16963266904089888,0.0014993276013192183,0.9992837594439739,0.998886664831406,0.0012081560444281445
1304.9180327868853,-0.2152152429921458,7.760969688838433,7.761083733940724,-0.18213368747064007,0.0015164743795132518,0.999246016004085,0.9988227492217563,0.0012081000378001187
1303.137789904502,-0.22645344848822077,7.8186533501989866,7.818765304784517,-0.19509597774805962,0.0015341446018109172,0.9992068356565935,0.9987569232346459,0.0012080840912155409
1301.3623978201633,-0.23779450656805365,7.876340999573816,7.8764503867929125,-0.20851657734648854,0.0015523598927379286,0.9991661913539921,0.9986891891440767,0.001208138493810875
1299.5918367346937,-0.24921959006521222,7.934032768320842,7.9341391192045325,-0.2223913489810535,0.0015711407113911796,0.9991240579304095,0.9986195505520984,0.001208293670807364
1297.8260869565217,-0.26070999523692634,7.991728788326488,7.99183164417681,-0.23671494219600234,0.0015905062653724026,0.9990804122391593,0.9985480123456262,0.0012085801003690337
1296.0651289009497,-0.27224726690331713,8.04942919183313,8.049528106577393,-0.2514807639727584,0.0016104744433086515,0.9990352332915282,0.9984745806564163,0.001209028234001086
1294.3089430894308,-0.2838133207208999,8.107134111267182,8.107228653761531,-0.266680958579641,0.0016310617669863512,0.9989885023967229,0.9983992628252079,0.0012096684214983994
1292.5575101488496,-0.29539056005590525,8.164843679068916,8.164933435336803,-0.282306396714622,0.00165228336369182,0.9989402033025904,0.9983220673707554,0.0012105308413530602
1290.8108108108106,-0.3069619851234696,8.222558027525153,8.222642602916567,-0.2983466738387407,0.0016741529589275363,0.9988903223368362,0.9982430039645322,0.0012116454373994362
1289.068825910931,-0.31851129234261233,8.2802772886062,8.280356309863944,-0.3147901174744442,0.0016966828892105929,0.9988388485481865,0.9981620834115911,0.0012130418622763868
1287.3315363881404,-0.3300229621255168,8.338001593807826,8.33807471102755,-0.33162380303251404,0.0017198841342591794,0.9987857738469647,0.9980793176380467,0.0012147494281362235
1285.5989232839838,-0.3414823337402642,8.395731073999695,8.395797962470983,-0.3488335776952774,0.0017437663674805975,0.9987310931443825,0.9979947196854347,0.0012167970647933594
1283.8709677419354,-0.3528756661961578,8.453465859281176,8.45352622119754,-0.3664040916698887,0.0017683380232664467,0.9986748044898135,0.9979083037121091,0.0012192132852595597
1282.1476510067116,-0.3641901845575085,8.511206078845419,8.511259644871778,-0.38431883614902346,0.0017936063793660636,0.9986169092051642,0.9978200850016525,0.0012220261584338274
1280.4289544235924,-0.37541411143401077,8.568951860852902,8.568998391539843,-0.4025601872066728,0.00181957765227964,0.9985574120154469,0.997730079978181,0.0012252632884213993
1278.7148594377509,-0.38653668378599854,8.6267033323149,8.626742619349807,-0.4211094548816359,0.0018462571034463496,0.9984963211745272,0.9976383062282539,0.0012289517997652007
1277.0053475935829,-0.39754815551825345,8.684460618987854,8.684492486273856,-0.4399469367306086,0.0018736491538387837,0.9984336485850105,0.997544782529016,0.0012331183276381688
1275.3004005340454,-0.40843978664802266,8.742223845279298,8.74224814983386,-0.45905197521867164,0.001901757504521803,0.9983694099111342,0.9974495288820238,0.00123778901189941
1273.5999999999997,-0.41920382006236173,8.79999313416542,8.800009766831355,-0.4784030183776692,0.0019305852606605741,0.9983036246835421,0.9973525665521769,0.0012429894937148367
1271.9041278295606,-0.42983344713894417,8.857768607121244,8.857777493083871,-0.4979776833734834,0.001960135056523915,0.9982363163947495,0.9972539181110008,0.0012487449133675892
1270.212765957447,-0.4403227636047149,8.915550384063106,8.915551483168269,-0.5177528226822978,0.001990409179112746,0.9981675125841483,0.9971536074835264,0.001255079907837381
1268.5258964143427,-0.45066671717381057,8.973338583303798,8.97333189017252,-0.5377045928297001,0.002021409688118324,0.9980972449113341,0.9970516599978558,0.0012620186066610356
1266.84350132626,-0.46086104851844634,9.031133321520384,9.031118865456929,-0.5578085257213664,0.0020531385301449036,0.9980255492166572,0.9969481024365523,0.0012695846247138046
1265.1655629139073,-0.47090222718128105,9.088934713734254,9.08891255842542,-0.5780396027974631,0.0020855976452575685,0.9979524655678358,0.9968429630888592,0.0012778010505800498
1263.4920634920634,-0.48078738398350135,9.146742873303317,9.146713116307904,-0.5983723323004246,0.0021187890641902606,0.9978780382915804,0.9967362718027976,0.001286690429398086
1261.8229854689564,-0.49051424146033845,9.204557911925793,9.204520683954165,-0.6187808300756271,0.0021527149947576825,0.9978023159892574,0.9966280600361759,0.0012962747392367335
1260.1583113456466,-0.5000810437335604,9.262379939655018,9.262335403639824,-0.6392389042914545,0.002187377896279381,0.9977253515356035,0.9965183609054906,0.001306575360327719
1258.498023715415,-0.5094864871554042,9.320209064924514,9.32015741488466,-0.6597201444905971,0.0022227805411024018,0.9976472020597514,0.9964072092318534,0.0013176130367659718
1256.842105263158,-0.5187296529035655,9.378045394582566,9.377986854283572,-0.6801980152585495,0.002258926062554112,0.9975679289077918,0.9962946415829811,0.001329407830595549
1255.1905387647832,-0.5278099425918071,9.435889033935327,9.435823855350273,-0.700645954697463,0.0022958179889511583,0.9974875975863101,0.9961806963104418,0.0013419790685290462
1253.543307086614,-0.5367270177898479,9.49374008679737,9.493668548373659,-0.7210374776716492,0.0023334602635384336,0.9974062776863885,0.9960654135813203,0.0013553452818672557
1251.900393184797,-0.5454807442194028,9.551598655548684,9.551521060286827,-0.7413462836083571,0.002371857250496278,0.9973240427878235,0.9959488354036902,0.0013695241405104121
1250.261780104712,-0.5540711412112783,9.609464841196806,9.60938151454847,-0.7615463683352165,0.0024110137274064203,0.9972409703433124,0.9958310056451836,0.0013845323822288186
1248.627450980392,-0.5624983368871848,9.667338743442928,9.667250031036405,-0.7816121392221573,0.0024509348647674925,0.9971571415426244,0.9957119700441964,0.0014003857386059872
1246.9973890339425,-0.5707625293644755,9.725220460750727,9.725126725952945,-0.8015185325949917,0.002491626193426119,0.9970726411568922,0.995591776213292,0.0014170988593154024
1245.3715775749674,-0.578863954147449,9.783110090416361,9.783011711741462,-0.8212411321529833,0.002533093560892432,0.9969875573633199,0.9954704736344973,0.0014346852364665321
1243.75,-0.5868028577423822,9.8410077286388,9.84090509701416,-0.840756286913394,0.0025753430777825403,0.9969019815507882,0.9953481136463007,0.0014531571309465163
1242.1326397919374,-0.5945794774106414,9.898913470588575,9.89880698649,-0.8600412270400712,0.002618381055681193,0.9968160081069568,0.9952247494222428,0.0014725255026166934
1240.5194805194806,-0.6021940268621074,9.95682741047417,9.956717480942814,-0.8790741757976799,0.002662213937909362,0.9967297341876893,0.9951004359411478,0.0014927999462726132
1238.9105058365758,-0.6096466875917642,10.014749641604638,10.014636677158883,-0.8978344558242887,0.0027068482247450815,0.9966432594697167,0.994975229949111,0.0015139886351382963
1237.305699481865,-0.6169376054914966,10.07268025644698,10.072564667903338,-0.9163025879710273,0.002752290394691725,0.996556685887647,0.9948491899134778,0.0015360982735230903
1235.705045278137,-0.6240668922697157,10.130619346677724,10.130501541895388,-0.9344603809894639,0.002798546823481161,0.9964701173565514,0.9947223759691494,0.0015591340601095356
1234.108527131783,-0.6310346311802982,10.18856700322711,10.188447383791473,-0.9522910105655961,0.0028456237024396505,0.9963836594814957,0.994594849857634,0.0015830996630587957
1232.516129032258,-0.6378408864999869,10.246523316315308,10.246402274176315,-0.9697790863614845,0.0028935269578894396,0.9962974192555026,0.9944666748593392,0.0016079972079152017
1230.9278350515465,-0.6444857161601297,10.304488375479647,10.304366289561376,-0.9869107059996618,0.0029422621731324803,0.9962115047475297,0.9943379157196732,0.0016338272789292731
1229.3436293436291,-0.6509691869380471,10.362462269592262,10.362339502390553,-1.0036734952206527,0.002991834514595587,0.9961260247821658,0.9942086385695843,0.0016605889342511204
1227.7634961439585,-0.6572913915720284,10.420445086867474,10.420321981052904,-1.0200566337139827,0.0030422486635021647,0.9960410886128045,0.9940789108412127,0.0016882797350117958
1226.1874197689347,-0.6634524672140301,10.4784369148585,10.47831378990227,-1.0360508664940615,0.0030935087543941205,0.995956805590101,0.9939488011793265,0.0017168957881519853
1224.6153846153848,-0.6694526146033258,10.53643784044322,10.536314989283824,-1.051648500927312,0.003145618321662089,0.9958732848276451,0.9938183793493088,0.0017464318025212527
1223.0473751600512,-0.6752921174069825,10.594447949798752,10.594325635567502,-1.0668433898603842,0.003198580255076106,0.9957906348666702,0.9936877161423491,0.0017768811575614482
1221.4833759590792,-0.6809713611936321,10.652467328364846,10.652345781188473,-1.0816309015331353,0.0032523967651494927,0.9957089633417957,0.9935568832786146,0.001808235983673795
1219.9233716475094,-0.6864908515437369,10.710496060796356,10.710375474694928,-1.0960078771741757,0.0033070693589809463,0.9956283766496601,0.9934259533090226,0.0018404872531730993
1218.3673469387754,-0.6918512308656068,10.768534230904796,10.768414760803218,-1.1099725773893527,0.003362598827030328,0.9955489796223537,0.9932949995163021,0.0018736248805990546
1216.8152866242037,-0.6970532935216185,10.826581921589662,10.82646368046085,-1.12352461855392,0.0034189852411061535,0.9954708752074919,0.9931640958158914,0.00190763783103977
1215.267175572519,-0.7020979989483673,10.884639214759918,10.884522270917657,-1.1366649005698766,0.0034762279636101,0.9953941641567424,0.993033316657248,0.0019425142350126498
1213.722998729352,-0.7069864824917554,10.942706191246426,10.942590565805503,-1.1493955273463377,0.003534325667951496,0.995318944724484,0.9929027369259559,0.0019782415084347795
1212.1827411167512,-0.7117200637574901,11.000782930705993,11.00066859522694,-1.1617197214310875,0.0035932763698069002,0.9952453123782832,0.9927724318470539,0.002014806476148905
1210.6463878326997,-0.7163002523326668,11.058869511518104,11.058756385853352,-1.1736417341809393,0.0036530774687697676,0.9951733595227111,0.9926424768898463,0.0020521954975125643
1209.1139240506327,-0.7207287507790044,11.116966010675373,11.116853961033069,-1.1851667528044674,0.0037137257997192003,0.9951031752378828,0.9925129476743194,0.0020903945925134673
1207.5853350189632,-0.7250074548872567,11.175072503668519,11.174961340909613,-1.1963008055795783,0.0037752176931630907,0.9950348450340969,0.9923839198793146,0.002129389567025208
1206.060606060606,-0.7291384511937015,11.233189064367586,11.233078542550983,-1.2070506664115201,0.003837549043593752,0.9949684506236923,0.9922554691523766,0.002169166135745901
1204.5397225725096,-0.7331240118469158,11.291315764900144,11.291205580089887,-1.2174237598464788,0.0039007153848268747,0.9949040697111637,0.9921276710211382,0.002209710041534584
1203.0226700251887,-0.736966586927623,11.349452675528028,11.349342464875502,-1.227428067499997,0.003964711971209984,0.9948417758024287,0.99200060080601,0.002251007169913797
1201.5094339622642,-0.7406687943887699,11.407599864524029,11.40748920563707,-1.2370720368006547,0.004029533863431122,0.994781638033981,0.9918743335338351,0.0022930436575702706
1200.0,-0.7442334077859605,11.465757398049607,11.465645808659271,-1.2463644927656907,0.0040951760177011624,0.9947237210225051,0.9917489438520561,0.0023358059938328297
