s22a,s22m,s12a,s12m,s32a,s32m,s42a,s42m,s21a,s21m,s11a,s11m,s31a,s31m,s41a,s41m,s23a,s23m,s13a,s13m,s33a,s33m,s43a,s43m,s24a,s24m,s14a,s14m,s34a,s34m,s44a,s44m,wavelengths,freqs
-2.0878908193924874,0.029103136949087248,-2.3420615416182593,0.004492892624148817,0.5197746033176119,0.9561283757109967,-3.0953169616662897,0.22354627977542507,-2.363590375773596,0.0058573542860287575,-3.125507794920888,0.03465180200942889,-3.116477320941594,0.22323710224329707,2.6900033546045727,0.9742477516306038,0.519789309331563,0.9558197294074151,-3.0957231498129523,0.17177526312586847,-2.2925444919063387,0.023861332269458888,-2.4250446565050523,0.004122731622720738,-3.1160887825255763,0.2903850072171696,2.690006110985587,0.9742589125976967,-2.4483640680865575,0.005351720680486072,-3.1269437210558766,0.0347437787547516,1.5,0.6666666666666666
-2.5593427123714245,0.04076112189581905,-3.0456884145373335,0.004923991959147309,0.08157458807544585,0.956066582596854,-3.462095642930456,0.2247729848875181,-3.0642306167744726,0.006400808258152492,-3.13743074276597,0.034823377894759526,-3.483091430840053,0.22459170960466923,2.3946933038693197,0.973904669222966,0.081585101711498,0.9558647226649654,-3.4624155405667034,0.17287510420910998,-2.6275956137188867,0.03347831920210502,-3.0780919448919923,0.004597201991780257,-3.482786234696551,0.2919106672983754,2.3946942290278175,0.9739123885562458,-3.1001476757603297,0.005969636780783818,-3.137682230830884,0.034910279471157046,1.5020408163265306,0.6657608695652174
-3.010494669163862,0.04575454589277774,-3.7423779608028065,0.005317796477218424,-0.3554675416326489,0.9561845066312475,-3.827949232671866,0.2260379730699783,-3.7607396524901175,0.006890354317500036,-3.153329925641364,0.03470376412220773,-3.8493039220879828,0.22595393312974055,2.1002705670224997,0.9735739644550965,-0.3555589927464819,0.9560590261219548,-3.828265886799535,0.17400314970996095,-2.98658112792024,0.03793464629142555,-3.7318520744612567,0.005045706505289875,-3.8490938084197843,0.2934405900769961,2.1002725009379017,0.9735761945820459,-3.7534926159768536,0.006553689227467004,-3.1535823526930757,0.03484917332730783,1.5040816326530613,0.6648575305291723
-3.4730936729282225,0.04278274337312815,-4.432790815011441,0.005644633550160066,-0.7915113329023363,0.956447985808579,-4.1930217619998995,0.22733359342354456,-4.453230645600317,0.007291431417008209,-3.167303564871311,0.034235511507038296,-4.214994515078573,0.22723369888251843,1.8067158025598136,0.9732767035931309,-0.7917354258053358,0.956308418338,-4.193354910419677,0.1751436163591331,-3.3627214209605087,0.036036354802786004,-4.384721222947684,0.005444047034940103,-4.214889762485395,0.2948559746376803,1.8067227436442177,0.9732742631117669,-4.406683594238955,0.007067389668173654,-3.1701125015140525,0.03443958317570838,1.506122448979592,0.6639566395663956
-3.9878663979657922,0.03217662992012009,-5.119239307997494,0.005876365506404953,-1.2266831909765161,0.9566797439297446,-4.557426554444576,0.2286186655762432,-5.142802456855629,0.007572709745829801,-3.172854666353508,0.03350991497911238,-4.57981134227893,0.22837479106610403,1.513998443743443,0.9730204139237026,-1.2269823315619697,0.9564542297772457,-4.55771319589985,0.1762687192977209,-3.7623463675762343,0.02764844685441126,-5.037197857413656,0.005767555913665014,-4.579816197365517,0.2960827729527377,1.5140129674980058,0.9730171728519754,-5.0596732055734694,0.007476183255529561,-3.1804223165251053,0.03368635315710552,1.5081632653061225,0.6630581867388362
-4.752138931598404,0.016684838909762634,-5.80477361587472,0.005993250555754042,-1.660936608266071,0.9566199422145015,-4.92110752882385,0.22983083616397426,-5.83116538276283,0.007714211263157637,-3.1656818559110738,0.03275797936304811,-4.94332276384123,0.22938449934976163,1.2220881877464964,0.9727942929695412,-1.6612214656815159,0.9563177560394277,-4.921260000256545,0.1773457715960642,-4.246058874505161,0.013842910507653771,-5.690777908292543,0.005995442813037665,-4.9434342303861545,0.29713058609786325,1.2221093191100811,0.9727954375970103,-5.713370992094989,0.007754971379238084,-3.1776897667593387,0.032765420358987496,1.510204081632653,0.6621621621621622
-6.716526807305552,0.012884677463919527,-6.492381019348436,0.005988955887281108,-2.0940098581984063,0.9560922739193998,-5.283793349497644,0.23092560034546164,-6.5202812612438725,0.007711459383820706,-3.1467430767739515,0.03226730026206649,-5.305223320016317,0.23033326214989644,0.9309676246556463,0.972573225491152,-2.0942470682246674,0.9557934520652939,-5.283789879358259,0.17835369350287367,-6.917773324198383,0.0049370928169066635,-6.347055373686314,0.0061151937691477825,-5.305432780538947,0.29809141709598125,0.9309905376476438,0.9725823593542056,-6.369093413151451,0.007892784155396033,-3.1589441587396365,0.03199634085167713,1.5122448979591836,0.6612685560053981
-7.7106200105621205,0.030283226259690762,-7.184430322149842,0.005872042681142866,-2.5255461268470416,0.9551590541375068,-5.645114997609374,0.23191474977169899,-7.212020005661696,0.007574574676763068,-3.123364716994855,0.032239086218433084,-5.6654860944230165,0.23132109756820515,0.6406391757987543,0.9723294761726186,-2.525799615171266,0.9549369649502151,-5.645041273022404,0.17929958522251954,-7.797209631604142,0.022533721088356516,-7.007132198684288,0.006125296901202144,-5.665780677291966,0.2990951060629704,0.6406571860523866,0.9723461794133166,-7.028107634042288,0.007893129455582577,-3.1289781389280362,0.03171133202464914,1.5142857142857142,0.6603773584905661
-8.242984983062511,0.04679059419790126,-7.8823214923171685,0.005662503533115623,-2.955313742375529,0.9541358679747487,-6.004824647037577,0.23287171704014767,-7.907824608039973,0.007322936857689936,-3.105905731130101,0.032665419147044183,-6.024371219197361,0.23242739683077188,0.35112201083145966,0.9720462354900081,-2.9557021250611046,0.9539782485412576,-6.004826529988482,0.18022261698805042,-8.222916936130673,0.03879351409613874,-7.6712961118927705,0.006034540970675981,-6.024732635422568,0.30024409991974466,0.3511299145978755,0.9720656196969129,-7.69120561571344,0.007770022455005034,-3.100022507357864,0.03206092885949792,1.5163265306122449,0.6594885598923285
-8.683586541657405,0.05733527914138858,-8.586293900506991,0.00538377848101546,-3.38337546208533,0.9534344968245575,-6.362961928063451,0.23389516452079462,-8.608451167093877,0.00697737537821836,-3.101713742838112,0.03332586591555572,-6.3822791235034515,0.23367254329097534,0.06244011969478925,0.9717255919130062,-3.383978569560845,0.9532272404685505,-6.363147393358469,0.18117854021906765,-8.603400588380355,0.05055722813996375,-8.338900241916845,0.0058573308099231745,-6.382680654052888,0.3015647547047172,0.062437041365827124,0.9717402412680003,-8.358324223668347,0.0075410150400503015,-3.084855220517701,0.03289984786328874,1.5183673469387755,0.6586021505376344
-9.079697977201969,0.06003942600950845,-9.295506660029787,0.005053241492877232,-3.810083910272644,0.9533309207748744,-6.719847624621489,0.2350541414965184,-9.313954311778087,0.006552606313950215,-3.1115750902161423,0.0339065343184779,-6.739535252127652,0.23501403078567276,-0.22539206672713943,0.9713863095120937,-3.8108672811580666,0.9529170304555328,-6.720212404473978,0.18221177506058187,-8.95855451586582,0.05610077518568745,-9.008418131086678,0.005606463646917494,-6.7399399595379705,0.30300378917056353,-0.2254018613130534,0.9713896156615588,-9.028327361891568,0.007219470507306488,-3.0892180379373335,0.03386027040480282,1.5204081632653061,0.6577181208053691
-9.431523038684814,0.05476430036817171,-10.008654528283847,0.0046755367160279115,-4.235899723028457,0.9538076415641862,-7.07590854297924,0.23635049805146605,-10.024136032889128,0.00605270126735511,-3.130508245775776,0.034148179982535214,-7.096239156370939,0.23637814408715016,-0.5123784147523327,0.9710525241141827,-4.2367095390473235,0.95308269891379,-7.076334696223939,0.18333241840610476,-9.283865639416506,0.05488309256927302,-9.677681494264117,0.005286565532518522,-7.0966023620170935,0.3044700694446604,-0.5123871320376739,0.9710417437431086,-9.699100277402001,0.006808732398737335,-3.1102018782659164,0.03454057550209021,1.5224489795918368,0.6568364611260054
-9.707475129494627,0.043125475742476244,-10.72532644662602,0.004242219847593403,-4.661146002242988,0.9545677118069092,-7.431446878323926,0.23772107492045336,-10.739634942334643,0.005471600441174239,-3.1505878147781825,0.033946182156410834,-7.452265176587235,0.23770537117621468,-0.798539100363434,0.9707398443954189,-4.661781628952791,0.9535514189299039,-7.431773006931358,0.18451272006959116,-9.559524721522084,0.047696174232655965,-10.344298603616021,0.004891545199146242,-7.452541960186481,0.3058927027212044,-0.7985386797173081,0.9707174597395669,-10.368004713276235,0.006300456631552556,-3.1392680757954956,0.03467181911236038,1.5244897959183674,0.6559571619812583
-9.79727470360427,0.028979658378834355,-11.448228206353658,0.003738325045850223,-5.0858514524272,0.9552085177919788,-7.786495328827041,0.23907688329710391,-11.463873287045082,0.004799125089532184,-3.163871086968803,0.03338354334484509,-7.807398053927216,0.23897983881444015,-1.0838990570145983,0.9704471350627113,-5.08617307645677,0.9540438494572049,-7.786614129582926,0.18570436281158753,-9.735457974879413,0.03683440458353548,-11.006195768638635,0.004407427804820986,-7.807553567801181,0.3072571673699801,-1.0838846173715557,0.9704199044675251,-11.03255391495088,0.005677951175365539,-3.165839353675135,0.03420645440958666,1.526530612244898,0.6550802139037433
-9.461672081345364,0.020873271560286035,-12.186986220936532,0.0031537436281547926,-5.509775475940588,0.955443152211704,-8.14084100228595,0.2403541991953938,-12.206704922231847,0.004031599936666841,-3.16528651651713,0.03269733140828247,-8.161500596354447,0.24022529641188717,-1.368473990972901,0.9701590588742434,-5.509777177801542,0.9543193555742765,-8.140762099997426,0.18686501805146205,-9.701881310322511,0.02663574999246486,-11.662176188347258,0.0038189700556382268,-8.161518971205759,0.30859786625928975,-1.3684459077202291,0.9701351301338416,-11.691059673548558,0.004923262512482291,-3.1804209283066927,0.03333189513300908,1.5285714285714287,0.6542056074766355
-9.127378981512773,0.026312397239267857,-12.966898613420257,0.002498022518505174,-5.932587272488013,0.9552270075320668,-8.494192463412922,0.24154505186710387,-12.993040113985943,0.0031876908249774036,-3.1552982735505193,0.03217622799698444,-8.51459716024392,0.24147357633621,-1.6522629410315595,0.9698577644046998,-5.932386714012695,0.9542765222982328,-8.494029735251344,0.187977675588846,-9.429023420937845,0.023402998700621996,-12.312439706591707,0.0031167016820418995,-8.514484789054878,0.3099560088573304,-1.6522265241897904,0.9698431329773518,-12.343113301728,0.004025133788571401,-3.1780893330921347,0.03240403214544088,1.530612244897959,0.6533333333333333
-9.203512704578175,0.03497117989365208,-13.854119342903687,0.001827605806080657,-6.3540684051797065,0.9547160011911406,-8.846370803804588,0.2426886154632151,-13.886863316773496,0.0023416234716113976,-3.1404685664151257,0.032012708694232575,-8.866820526016621,0.2427302014748011,-1.9352523705948597,0.9695360022558582,-6.353823212410797,0.9539544669103835,-8.846264347555916,0.1890515478619817,-9.282428548821947,0.027423802296435405,-12.959349279002359,0.0023016431572579358,-8.866601893084784,0.3113354808078193,-1.9352152277925025,0.9695320328005721,-12.99013952288792,0.002984862048809266,-3.161800342523025,0.03179063942245858,1.5326530612244897,0.6524633821571239
-9.444282745707069,0.038913399930690144,-15.000730092948633,0.001330785564483907,-6.774201836569365,0.9541052919847252,-9.197394766732373,0.2438327640541648,-15.029239131247866,0.0017252482697706166,-3.129915309056449,0.03219170684381242,-9.21826800603716,0.24396327981920754,-2.2174291380731748,0.969202720772956,-6.774012807257956,0.9534502273004762,-9.197421401616747,0.1901063361596891,-9.362240339790503,0.031582227210867314,-13.610997037552172,0.001386959124571825,-9.217976024967422,0.31269028285298384,-2.217397543296506,0.9692059957914062,-13.637888341741483,0.0018184267102975163,-3.141985214754218,0.03167295551983363,1.5346938775510204,0.6515957446808511
-9.725468486663836,0.03597006329603638,-16.368600514079162,0.0013975234551441963,-7.193102853415908,0.9534765596316156,-9.547411791288557,0.24499571189951233,-16.37834349753365,0.0018004265089521239,-3.129588950070672,0.03250385617431141,-9.568878306068832,0.24512479959096833,-2.4987935107740578,0.9688770931007115,-7.192967643388208,0.9528237269250739,-9.5475432966788,0.19115332229394208,-9.530450867805321,0.031711278449739276,-14.342741371999079,0.0003986247755123276,-9.568544058812313,0.3139542342103105,-2.4987696704239872,0.9688816077857691,-14.336212928530431,0.0005558501862405735,-3.1301563620687,0.03194095793506385,1.536734693877551,0.650730411686587
-9.964090556096824,0.026616966748727548,-17.469042732095676,0.002019167771122144,-7.610862610686112,0.9527620238562475,-9.896539399245507,0.24615595201792728,-17.479561499044248,0.002563327489728703,-3.1390885678713785,0.032673566108936465,-9.918426599906388,0.24618969693473017,-2.779363122072584,0.9685748008887074,-7.6107034304114745,0.9520625545577934,-9.896672944998144,0.19218801375395334,-9.674312120231281,0.027237471104266015,-11.610644217544579,0.0006425447531016613,-9.918073401546431,0.315092772604643,-2.7793446964557154,0.9685752496921233,-11.661152358883133,0.0007730532682762002,-3.131444351810794,0.03227782215751332,1.5387755102040817,0.649867374005305
-9.899709206959864,0.014145433161774263,-18.32494353409944,0.0028371684727237453,-8.027431625008592,0.9518406577496127,-10.244744726915382,0.24727694559998992,-18.341553659009083,0.0035897199691315813,-3.1525260447770687,0.03250699627112346,-10.266652323990852,0.24718427280086064,-3.059164749626137,0.9682957850536128,-8.02716851718926,0.9511280978163742,-10.244778747569224,0.1931995106422117,-9.643271850573663,0.020553283053380094,-12.29790052752956,0.001685154485633453,-10.266296200944002,0.3161394987506796,-3.0591467194165443,0.968290187929129,-12.335166756895743,0.002116333861001181,-3.1424833088668778,0.03235875409460279,1.5408163265306123,0.6490066225165563
-8.918933208829277,0.013299835047722412,-19.078701424628164,0.0036798390610062424,-8.442635715531823,0.9506831886128307,-10.591860318974602,0.24834621102220755,-19.09954593064197,0.004667344356152507,-3.1614206189245446,0.03198672997208813,-10.61344049991653,0.24818114328029914,-3.3382189110608147,0.9680218896189556,-8.442249487302067,0.9500399492041661,-10.591758205591828,0.19418850837024584,-9.297329400548897,0.01825594780643809,-12.947357085142201,0.0027065484726797717,-10.61309537407682,0.31718834853739947,-3.338196686462968,0.96801227204131,-12.977875446995268,0.0034426694964870396,-3.1541732591246703,0.03202417736729815,1.542857142857143,0.6481481481481481
-8.804879713594573,0.02674385809398604,-19.78959140400312,0.00448624247358152,-8.856313059665121,0.949423927701632,-10.937726787299514,0.24939589090550704,-19.812877946400352,0.005715370316447802,-3.1581680016732214,0.03129401386226369,-10.958933037572573,0.24925943095719924,-3.6165271101685685,0.9677265429474801,-8.855857638348326,0.9489200218047599,-10.93752636491484,0.19517776208110812,-9.088475788074767,0.024455308102728425,-13.593464939512193,0.0036851300025362434,-10.958616337043345,0.3183407595343454,-3.6164992417902155,0.9677174122702553,-13.619231142475716,0.004721602662864886,-3.155950432091221,0.03136465764788352,1.5448979591836736,0.6472919418758256
-9.088230319675462,0.038756186416618724,-20.481342632906657,0.005239162538097873,-9.268462053673538,0.948294685854176,-11.282347094473797,0.2504859277070796,-20.50577871737238,0.006701298349131053,-3.140070225546713,0.030751746762363228,-11.303480874430756,0.25045298406918226,-3.8940701712556263,0.9673910146340132,-9.268028220165421,0.9479438218244342,-11.28212069786723,0.1962031239494316,-9.213625827850313,0.03273157323273531,-14.240959296723688,0.004615162649235706,-11.303215281768887,0.3196382871634927,-3.8940392532003334,0.9673864474425186,-14.263575640848739,0.00593534855086194,-3.14080085736006,0.03070756314897237,1.5469387755102042,0.646437994722955
-9.478831605706183,0.045267060905203,-21.164258281657226,0.00594367529178029,-9.679279707092764,0.9474675216683399,-11.625926576463023,0.2516614956079434,-21.188748329186534,0.007616937492225757,-3.1127453733737793,0.03067941264384509,-11.647446548079298,0.25172038894039933,-4.170819549393085,0.9670174875151716,-9.678942213953322,0.9472230735328666,-11.62572887905563,0.19728887147073013,-9.505087139806326,0.03788711105193678,-14.890803135039986,0.00550478606209063,-11.647256232983219,0.3210246417445581,-4.170790771060155,0.9670183586472414,-14.911611418800227,0.007079883098210038,-3.1109503327178087,0.030483152964667706,1.5489795918367348,0.6455862977602107
-9.94193750627986,0.045019716588807414,-21.84247847222389,0.00661422742096402,-10.089055893068085,0.9469206867701495,-11.968764134336977,0.25291563438311615,-21.866001579748023,0.0084684324664433,-3.0889744776542063,0.031203834001820557,-11.990969839589402,0.2529597732641869,-4.446755717983624,0.9666306112631561,-10.088835904116493,0.9467054666409204,-11.968600379912827,0.1984248614062962,-9.8952994323438,0.037776589728124144,-15.542458661224174,0.006368830737275272,-11.990873300099155,0.32236629659420185,-4.446733723769064,0.9666335223902416,-15.562317588339234,0.008163133923855823,-3.0799453061675237,0.030976072768124113,1.5510204081632653,0.6447368421052632
-10.509387860487617,0.038710585205141,-22.516707095541932,0.007263351604293677,-10.497987351158109,0.9464202126590958,-12.31106234386412,0.2541825342146616,-22.53847761972884,0.009268159526738057,-3.081383858338835,0.03215656159053989,-12.33384313724299,0.2540644677439358,-4.721883107246055,0.9662655877853477,-10.497846985609206,0.9461704423500386,-12.310888483352171,0.19956307480878716,-10.396695718841217,0.03223600606161673,-16.194299471989282,0.0072190203104212855,-12.333847136950784,0.32352546317885617,-4.721868809981767,0.9662642408084252,-16.21358323698159,0.009199588595582713,-3.0653533981185257,0.03210805259224841,1.5530612244897959,0.6438896189224704
-11.293132242410223,0.030074370717450078,-23.185710411364916,0.007893446109698384,-10.906020734052664,0.9456407017780033,-12.652767182882906,0.2553685521311681,-23.205487899356562,0.01002672450525785,-3.0951615842866773,0.03315018068904548,-12.675582811341872,0.25498973788482643,-4.996232348221126,0.9659487361753116,-10.905891930935601,0.9453410852730243,-12.652518690865984,0.20063962112892106,-11.127682736451746,0.023714544948671208,-16.843951292539487,0.00805611318361199,-12.675681149879129,0.32444604702126795,-4.996221484976487,0.9659371793155516,-16.862835884913164,0.010202630583599864,-3.077260718665477,0.033451020410322004,1.5551020408163265,0.6430446194225722
-12.375685697664,0.028111361647560847,-23.847553312816387,0.008494103059675082,-11.312828053040501,0.9443762165453766,-12.99353918958888,0.2564091027578994,-23.865886148662813,0.010746411102870498,-3.126847402410666,0.033760796750034246,-13.015671884546519,0.2557921446600662,-5.269847428054195,0.9656813826438957,-11.312661192297194,0.944063585587042,-12.993174539165619,0.2016135828621972,-12.28184021859384,0.020574796256654412,-17.488868960757664,0.008867507039141973,-13.015849492827956,0.3252029583382878,-5.2698317704520665,0.9656575103301218,-17.50774537658275,0.011177145005845,-3.1141626401486797,0.0344464734901292,1.5571428571428572,0.6422018348623854
-13.33186213937701,0.03797329490670273,-24.500691009463438,0.009045412803414189,-11.717964562275215,0.9427247668119292,-13.33290696189924,0.25732132703394917,-24.51890408687857,0.011417780790822207,-3.167274497393094,0.033687255507067894,-13.35385388519207,0.25661602437718606,-5.542764110600983,0.9654366697456274,-11.71776365684712,0.9424529226829081,-13.332438466450633,0.2025013960715623,-13.31040863397675,0.030076080052214748,-18.12705279137108,0.009631013021350523,-13.354093338068212,0.32598290451060224,-5.542734881177807,0.9654042124750568,-18.14681756478344,0.012114853929003914,-3.1663888767335706,0.03463345512155206,1.5591836734693878,0.6413612565445026
-14.003062239778918,0.05166489794106376,-25.144769942282704,0.009524416272224234,-12.121147961538373,0.9411087989422617,-13.670547186636497,0.2582145163961739,-25.164601294435183,0.012020065215599285,-3.204441894146264,0.03283994068586539,-13.69032068438894,0.2576289237731189,-5.814991403532057,0.9651718692463686,-12.120960862831994,0.9408995536813826,-13.670032029079767,0.2033824136471653,-13.968107863143013,0.04393247267400129,-18.75769762594976,0.01032196415277362,-13.69060696968626,0.32700047035805396,-5.814943412571223,0.9651398426050505,-18.779687471762543,0.012993564268394986,-3.220019757418326,0.03378404409136626,1.5612244897959184,0.6405228758169934
-14.539863958614436,0.062340013600974235,-25.78097869469645,0.009910378289178234,-12.52248663628231,0.9400817642672507,-14.006522548906055,0.25924109709283644,-25.803932859806388,0.012524776485322414,-3.225302796324786,0.03137772061488219,-14.025676982298515,0.2589363538962939,-6.086506528225553,0.9648500484480533,-12.522355645303902,0.9399060683926742,-14.006017269235022,0.204366000446183,-14.478878811597774,0.055395110850839833,-19.38156720648833,0.010918761112883363,-14.025998049737055,0.32838938392340483,-6.086441253082895,0.9648297206412535,-19.407065506923583,0.013780117886443647,-3.25838452610545,0.03197183792456105,1.563265306122449,0.639686684073107
-15.022438634371417,0.06661051544486848,-26.411881190352414,0.01018664884417353,-12.92249221914395,0.9400271605280691,-14.341307740458683,0.26051352184314736,-26.43854827793022,0.012901384874195922,-3.218280748322081,0.029707304036856116,-14.360676910808085,0.2605208841880466,-6.357266542695057,0.964459634259201,-12.922410857385142,0.939834477780298,-14.340826734510918,0.20553572718707652,-14.935732082631887,0.061283920910328374,-20.000918556838258,0.011403737240666964,-14.361020827212313,0.3301263539615103,-6.35719273669068,0.964460051699608,-20.030441684405247,0.01443614067199961,-3.2629870127684617,0.029616724349245074,1.5653061224489797,0.6388526727509778
-15.487972539886712,0.06299246361083916,-27.0408230132602,0.01034055971596996,-13.32185791453566,0.940935301775794,-14.675574332396693,0.2620379240006608,-27.070480272845444,0.01312386257376581,-3.1792156795189537,0.02841083762792677,-14.695862165384215,0.26224068813882867,-6.627230824398371,0.9640214790827979,-13.321773642118778,0.9407022738580529,-14.675090560903545,0.2069012564098692,-15.374795533332254,0.05999583651521444,-20.618934086736544,0.011760939375346842,-14.696214001259992,0.3320310550166824,-6.6271620656950185,0.9640452592390077,-20.651711011121602,0.014925518900780137,-3.219185299629849,0.027486645684294066,1.5673469387755103,0.6380208333333333
-15.966891215435217,0.05149186907527878,-27.671146679121982,0.010364330330443051,-13.721132856936853,0.9423783233730589,-15.009860160899203,0.26370172088153493,-27.701848172967143,0.01317687619797328,-3.1194454024468117,0.028029958939880698,-15.031295400566119,0.26389130171243447,-6.896382953660064,0.9635795966453043,-13.720989109817854,0.942133837064068,-15.009343522611163,0.20838365275874163,-15.820153949883158,0.05113110916969002,-21.23885138688117,0.01197560053014806,-15.031636620640832,0.33384565309309966,-6.896332722899391,0.9636208681084225,-21.272847426063734,0.015222304055634028,-3.1323930791756585,0.026507717177258847,1.569387755102041,0.6371911573472041
-16.52726583834091,0.03372151132844546,-28.305480768665717,0.010258290105711759,-14.120458169535844,0.943686113176514,-15.344295698188443,0.2653200756244854,-28.334631182287733,0.013060285245840518,-3.0646208568563256,0.028745833002781263,-15.366527209650613,0.2653001668736572,-7.1647408629622,0.9631801279778535,-14.120239021391427,0.9434983149444965,-15.343753323743961,0.209843704462144,-16.314526630224833,0.03557783657153113,-21.86314113785538,0.01203849355432735,-15.366838149963584,0.3353544899622558,-7.16471698245355,0.9632258742327288,-21.89567833425945,0.01531733593457515,-3.0404027083667495,0.02722759408562584,1.5714285714285714,0.6363636363636364
-17.577439040283068,0.015324148383117554,-28.945291943102596,0.010034889740659744,-14.519482279405658,0.9442472883352129,-15.678515121505662,0.266721221520733,-28.970506496853982,0.01279064776068927,-3.0377497409874277,0.030238119511333292,-15.70080555671726,0.2664070188682057,-7.432350031733691,0.9628490693991592,-14.519234094685334,0.9441866809757922,-15.678007461764437,0.21114428423565387,-17.091968049208013,0.016460765126773844,-22.493040168657185,0.011953562410050151,-15.701069504449748,0.3364845850517567,-7.432350930674486,0.9628836957978258,-22.52174612875245,0.015221697569043336,-2.987560116661619,0.02934000428692051,1.573469387755102,0.6355382619974059
-19.411533926611597,0.021699245665782445,-29.59079145838266,0.009720182927091748,-14.917507311372235,0.9438102426233346,-16.011806753436417,0.26783401042074917,-29.610719053599173,0.012398943643131138,-3.0453300239647962,0.031894157981150945,-16.03342097311176,0.26729150042214733,-7.6992630742716335,0.962579961932197,-14.91733191395696,0.9439060800459109,-16.011435930887636,0.2122189931734603,-19.187721172788844,0.014914351365330529,-23.128560761358326,0.011743367644069969,-16.03362749791449,0.3373389060670146,-7.69927774344889,0.9625912956130708,-23.15221103002466,0.01496561099256249,-2.9888685752353905,0.0319332079548534,1.5755102040816327,0.6347150259067358
-20.141480983648442,0.04221094043078646,-30.241190804196915,0.009349897711411018,-15.313825680381475,0.942627229666271,-16.34345645135847,0.2687312593731092,-30.25596057176132,0.011924689579957383,-3.0799267768435645,0.033127266608196516,-16.36402782462959,0.2681353609148451,-7.965516069372478,0.9623377126601695,-15.313842443482363,0.9428314551332663,-16.343328803931,0.2131090525933331,-20.035537634881496,0.03529671403420695,-23.76888982790498,0.011446927677824964,-16.364173491436425,0.33814750429032425,-7.965527887472305,0.9623218553106814,-23.787756714832966,0.014592563089950671,-3.0333027438292186,0.03408341948706876,1.5775510204081633,0.6338939197930142
-20.620820291917155,0.05953005790409998,-30.895189701205947,0.008960139891608954,-15.708084759814275,0.9413348038890306,-16.673115196144153,0.2695973139849122,-30.906279612976014,0.011407735890082989,-3.1284351354672606,0.03356276188049988,-16.69279504526655,0.26913740082625004,-8.231113701624153,0.9620763930206694,-15.708364151429192,0.9415175478031775,-16.673282604735064,0.21394447771401495,-20.515671817506636,0.054010738085591224,-24.412932409083208,0.01110892524388985,-16.69288139384227,0.33916021743407093,-8.231106535602406,0.962039387762562,-24.428501298484,0.014149907350782422,-3.1020331256487306,0.035168519885033535,1.579591836734694,0.6330749354005167
-21.0327984769818,0.0700750078989902,-31.55150478383933,0.008576562638121055,-16.100467353998603,0.9406232977688308,-17.000977268732726,0.27063409054389664,-31.561096768913586,0.01087991524048237,-3.176832906592577,0.03309107886491255,-17.020313562610987,0.2704220656758651,-8.496030567161283,0.9617615608984527,-16.10096855916629,0.9406230460612807,-17.00138566241571,0.2148805103509142,-20.922875019373514,0.06695628924830341,-25.05972873870262,0.010765163675401288,-17.02034441185362,0.3405324483946339,-8.495994680617965,0.9617172948503718,-25.073971319017954,0.013678391641888213,-3.176623037695097,0.0349234894296892,1.5816326530612246,0.632258064516129
-21.410965391631564,0.0723816196053827,-32.20927723352345,0.00820737464366503,-16.491584192738458,0.9408916991247862,-17.327668434558753,0.27196121123766265,-32.21941240523487,0.010359018434016324,-3.21173104021547,0.031861618448744945,-17.347305718239554,0.27198616744281345,-8.760227278227232,0.9613854540962647,-16.492151701716537,0.9406035413498697,-17.328160358001067,0.21602564735021493,-21.298751402711964,0.07233573994865887,-25.708629384016945,0.010431745060423771,-17.347286453388445,0.3422591108270593,-8.760162872010238,0.9613507038061755,-25.723224748587548,0.013203610681633296,-3.2395376743114306,0.033422222705826135,1.5836734693877552,0.6314432989690721
-21.76078909760882,0.0662334685123866,-32.86830285712094,0.007843491184426121,-16.882160492388056,0.9420742034250521,-17.653928651169192,0.2735638360158232,-32.88022844356161,0.00984706867170676,-3.221734989711515,0.030252082948452063,-17.67428811207291,0.2737085836647698,-9.023672175705364,0.9609676328811263,-16.88259821402097,0.9415149073260608,-17.654313822067245,0.2173949362455159,-21.651848524297815,0.06945548167885231,-26.359312960742322,0.01010280434580171,-17.674227476975368,0.3441870244438117,-9.023589374839561,0.9609560684800107,-26.375168136220847,0.012732034638097455,-3.273013879452242,0.03106363286979458,1.5857142857142859,0.6306306306306306
-22.06938398170851,0.05259030303365556,-33.529121724512834,0.007465435828505896,-17.27269770206694,0.9436959651787825,-17.98027007872428,0.27530624516853086,-33.54308672268843,0.009333564660088679,-3.2012642616103664,0.028795356300831857,-18.001360253354715,0.27541459686722447,-9.286356973487166,0.9605418489538644,-17.27287105106749,0.9429965127531196,-17.980418164915367,0.21890555235622008,-21.976306016616146,0.058697356166795014,-27.01179417681553,0.009756869562889332,-18.001272089789627,0.3460951822157381,-9.286272252804332,0.9605590780309196,-27.029010063434544,0.012252977835482744,-3.261009498311499,0.02855555079288281,1.5877551020408165,0.6298200514138816
-22.2732704197623,0.03378505105684902,-34.1930531989615,0.007053926736228791,-17.663262004679503,0.9451023719217191,-18.306762245050923,0.27699739720711586,-34.20855215519841,0.008802722590798485,-3.1567109129321684,0.02801217960620338,-18.328210583717926,0.2769593983685523,-9.548298745441214,0.9601372456297493,-17.663158841246627,0.9444379810306941,-18.30665787211179,0.22041588526892236,-22.239354027381047,0.04164739900806769,-27.66651140126092,0.009368622980635469,-18.32811218670286,0.34779916417482093,-9.54822894656095,0.9601786968640792,-27.684707540622266,0.011745987223270535,-3.199746779117241,0.0267987599231925,1.5897959183673471,0.6290115532734274
-21.984324347866718,0.015917818171211507,-34.862266514116065,0.0066002165734977145,-18.053474596778667,0.945757184778607,-18.633022808737582,0.27847944421965976,-34.87850226339231,0.008242524897487214,-3.1077320627047373,0.02815757571382409,-18.65431086923717,0.27828912115539356,-9.809528622007669,0.9597643025337647,-18.053198610301976,0.9452638012376556,-18.63276165058905,0.2217926069457599,-22.270246981988215,0.021829645273170488,-28.32452556181174,0.008921576025328158,-18.654217202618256,0.349228285537702,-9.809484682927916,0.9598168805714217,-28.343269148383364,0.011191416377994633,-3.113222458910331,0.026506773934858955,1.5918367346938775,0.6282051282051282
-20.994671523548348,0.02092498975612565,-35.53989188587774,0.006112716743601518,-18.44270531207308,0.9454828194851846,-18.958418484842795,0.2797011668798066,-35.556159541987306,0.007653065699693699,-3.076125768287608,0.02906362941842542,-18.979185334550294,0.27945288479076436,-10.070074588698212,0.9594123539796399,-18.442419795183348,0.9452005349982167,-18.958158322476415,0.22297370385308934,-21.258085159581185,0.014434334012755064,-28.987801097015154,0.008417200533013721,-18.979102095329676,0.35044217167681113,-10.070057439963922,0.9594593893741856,-29.00685151741814,0.01058114422212274,-3.0450164244538795,0.027698128037417506,1.5938775510204082,0.6274007682458387
-20.973790012715906,0.03837214560007292,-36.229944411245846,0.0056179441993820115,-18.830385353900386,0.9445216527588066,-19.282388777668494,0.2807378989421458,-36.24578145320177,0.0070520954850359285,-3.0721162131589606,0.030256179908789066,-19.30262256508312,0.2805650658009089,-10.329948082313404,0.9590586736134195,-18.830236077173236,0.9443823622679383,-19.282275751522988,0.22399333124403223,-20.899173027276806,0.030893760820479774,-29.659382563550803,0.00787763291739373,-19.30254289285967,0.3515848068363398,-10.329948424980493,0.9590862544469826,-29.67861667473372,0.009926647683197504,-3.0225011313216408,0.029680802925824177,1.5959183673469388,0.6265984654731458
-21.193842972433156,0.052280186271128036,-36.93651815815897,0.005155953702862013,-19.216278465033398,0.9433778600507061,-19.604722766238787,0.28174377699048636,-36.95173819039248,0.006476166558395683,-3.092421958228079,0.031224086433370893,-19.624737662813043,0.28174049732455203,-10.589141033386648,0.958683116561734,-19.216323421960407,0.9432418135814247,-19.604817290691457,0.224955744285068,-21.070139938695554,0.04740535062273996,-30.343068064366044,0.007342194467193796,-19.624645607313916,0.3528034062300135,-10.589143069229872,0.9586852340366468,-30.36223388736564,0.009262447164199133,-3.0439882061337813,0.03157011527970336,1.5979591836734695,0.6257982120051085
-21.459821768837678,0.059577328899891646,-37.661654562272226,0.004771651334098282,-19.600561267130814,0.9425324083252457,-19.925632753501013,0.28286425875419574,-37.67652460195843,0.005975776121514214,-3.1264418056689585,0.031617188016628384,-19.945868466442775,0.2830364784382593,-10.847633949127054,0.9582800920992235,-19.600740574722114,0.9422631658995677,-19.92587334372126,0.22597648587752175,-21.329721319891604,0.05828682625912277,-31.042130510120508,0.006860276368279917,-19.945748067284057,0.35417421610841066,-10.847621443571041,0.9582606045833612,-31.060762897857778,0.008643567733923416,-3.093397849943743,0.032704882491876655,1.6,0.625
