s11a,s11m,s13a,s13m,s14a,s14m,s12a,s12m,s31a,s31m,s33a,s33m,s34a,s34m,s32a,s32m,s41a,s41m,s43a,s43m,s44a,s44m,s42a,s42m,s21a,s21m,s23a,s23m,s24a,s24m,s22a,s22m,wavelengths,freqs
1.1048976932550811,0.03671792967134816,-1.5367502741608174,0.38994670199573955,-2.602101797936764,0.024870612205603694,-2.602149927531213,0.03224066805359203,-1.5398163415449067,0.39434631201664605,0.1846786739021204,0.03351265024752603,-2.636481912770471,0.03371429066583196,-2.6364947187028323,0.04370873297908696,-2.603642365107884,0.024871266590539703,-2.638111105879443,0.03346071498787404,0.5719892300203254,0.006184870664973875,-1.5318661017619657,0.38887425943754983,-2.60342375739746,0.03256731338453601,-2.637893354557028,0.04381478695450784,-1.5309566635885774,0.39256432259148366,0.17888616621482392,0.033289130296505695,1.5,0.6666666666666666
0.36566237382291256,0.03061101841879364,-1.7002570814998281,0.3849832138901753,-2.8180832508019726,0.02496536994741975,-2.8181393945679094,0.03233457541613347,-1.703400472394248,0.38917786706474394,-0.5469542211736294,0.043101649618287975,-2.859397562148658,0.033642267397318466,-2.8594184851300692,0.043576633739738746,-2.819401429312442,0.02495264657328987,-2.8609187242016767,0.03338736468980071,-1.0554882570921824,0.01527017984756923,-1.6941557517320172,0.3846857335478915,-2.8195608127998955,0.032646709431561054,-2.861080982129453,0.043682185012745005,-1.693613930678315,0.3883496029249007,-0.5523072273620206,0.04295014017749314,1.5020408163265306,0.6657608695652174
-0.43073611412747964,0.03529085441096456,-1.8608077522309554,0.3804788920057188,-3.0376574401580676,0.02503035878149474,-3.0377227147537553,0.03239003833969431,-1.863896991705645,0.3844726821462587,-1.0502742443950028,0.05978932178993291,-3.084856238324689,0.0334784849080868,-3.084887180730375,0.043326331208581176,-3.038570258611289,0.025007029206798863,-3.086219546023424,0.033225342526958565,-1.4566005876319044,0.03069294232175892,-1.8542050181368521,0.381067042732059,-3.0391160392501537,0.03268605889265655,-3.0867636655104715,0.04342790087329903,-1.8540483574888507,0.3846605118458973,-1.0540034373197937,0.059669285351901635,1.5040816326530613,0.6648575305291723
-1.0064785845181567,0.048423040684261155,-2.0192720955387298,0.37657293403478737,-3.260911190958476,0.024961068785865365,-3.2609891945368013,0.03227200598973315,-2.0221770363656337,0.3803910767820302,-1.4198909576460945,0.07904926795153674,-3.312469406630462,0.03310558609588522,-3.31251420445571,0.04280635727380073,-3.261282256474649,0.024931165487639743,-3.3136516397199594,0.03285822497782493,-1.7183903665641005,0.046432151329585725,-2.012957525229252,0.37804702300463683,-3.2621762408999553,0.032550853718514954,-3.3145433515558524,0.04290073646999328,-2.0131550827551066,0.3815175606386812,-1.4224311456845535,0.07892633270273096,1.506122448979592,0.6639566395663956
-1.4107012560814627,0.06494958641447783,-2.1765494121741664,0.3732127088615344,-3.484991422942387,0.024658081776593965,-3.4850868876122205,0.031852444798886,-2.1791630570235925,0.37689616808969983,-1.724072732633355,0.09876224353188569,-3.5393873645966862,0.03242245650027378,-3.53945079068443,0.04188671634910678,-3.484733525445819,0.02462716166957199,-3.54038202384846,0.0321861315255792,-1.94463032855549,0.06170775925000948,-2.1712253094854765,0.375468836523521,-3.4858884815322964,0.03211430755698449,-3.541539331398349,0.04197144339360068,-2.171670190395701,0.3787746024794479,-1.725673104414613,0.09862686789484158,1.5081632653061225,0.6630581867388362
-1.7306682058162477,0.08229141070451967,-2.3332176303008056,0.37016342254494433,-3.7041489147602875,0.024081274850604982,-3.7042668289227465,0.03108026160486051,-2.335469771565036,0.3737616675517257,-1.993796072193932,0.11787226877545909,-3.7603642269345015,0.031401765375913625,-3.7604515849203,0.040533071058655175,-3.703266156229331,0.024055330109126184,-3.761215965870308,0.031181756830875092,-2.1563680226769093,0.07608759507147236,-2.329405765221938,0.373043972678879,-3.7045379734149084,0.03132744220390362,-3.762489705867032,0.04060812320403088,-2.3299721193363663,0.3761630850525958,-1.9947392098686274,0.11774203350966915,1.510204081632653,0.6621621621621622
-2.0088940369321344,0.09926340802675108,-2.4892037419292192,0.36712877154385637,-3.9111010243694713,0.023297528480718355,-3.9112438998766406,0.030042508020174982,-2.4910673510774237,0.3706938989623332,-2.2439867450443067,0.13577194383691613,-3.968905960704491,0.030136698895748742,-3.969021418638527,0.038866594141819234,-3.9096683520776803,0.02328142708813734,-3.969698753445451,0.02993619552137802,-2.361136612059588,0.08926163716143702,-2.4872887604877603,0.3704606402875376,-3.9109109434002285,0.03027938028831496,-3.9709376153763647,0.03893438718433452,-2.487839463744637,0.3733769460310332,-2.2445587278127777,0.1356490622341957,1.5122448979591836,0.6612685560053981
-2.265326823948133,0.11520744043513159,-2.643720540435388,0.36396157148516467,-4.099924318951588,0.022490378226163465,-4.100089473696345,0.02897630353623308,-2.6452163753950786,0.3675454858576344,-2.4827478052948493,0.1520659464808467,-4.159651451416712,0.028844389274236954,-4.159795803806766,0.03716780270172593,-4.0980762785013205,0.022487802351069626,-4.160495911774602,0.028663731247890088,-2.5626095265177784,0.10098645313416663,-2.6440236869526235,0.36756012357561996,-4.099153853269597,0.029208566787635115,-4.161572858704709,0.03723042106557171,-2.644388156521099,0.3702758034349632,-2.4829723020016337,0.15194799299831835,1.5142857142857142,0.6603773584905661
-2.510743380508051,0.1297126301837064,-2.7958102026141916,0.36087919189893963,-4.2699498455730795,0.021909519313044745,-4.270128103414522,0.028203207695667906,-2.7970154005528025,0.3645305515199777,-2.7150882083750716,0.16654207502657756,-4.33151656018751,0.02780783081452953,-4.331685776134188,0.03580112089884396,-4.2678940999151145,0.021922853849917667,-4.332538741862727,0.027644074288255382,-2.763185074470378,0.11111546532393247,-2.798614388164604,0.3645208991716903,-4.2686381400736675,0.028438581651931874,-4.33328800704305,0.035860186496051785,-2.7986438861581124,0.36706655667917226,-2.7150085510459583,0.1664578392691274,1.5163265306122449,0.6594885598923285
-2.752499246939086,0.14242009210422274,-2.9454138098378073,0.3583666357102757,-4.428304950030266,0.021773653424130148,-4.428482119832754,0.02800393338682556,-2.9464549869196484,0.36212201233549207,-2.945344286681483,0.17911411146487283,-4.489843213457441,0.027277290061917266,-4.490027895247816,0.03508773482697941,-4.426305295346306,0.02180401246536641,-4.491155754797181,0.027125036192191157,-2.965623176206781,0.11956205846846941,-2.9508174778106406,0.361766249858993,-4.426587736474315,0.028252379269116494,-4.491435493780062,0.03514687147964258,-2.950402705211829,0.3641824227359843,-2.945174173442641,0.1790810328347182,1.5183673469387755,0.6586021505376344
-2.9957279122702634,0.15279504652247683,-3.093569741018476,0.35673695375635384,-4.588219948194681,0.02217912685129386,-4.588383785666615,0.028501061377524978,-3.094586403882598,0.36061386643346777,-3.1777239103557986,0.1895373373404879,-4.645649972801759,0.02738327803723887,-4.64583870573279,0.03519392435523072,-4.586553471945302,0.022226310731506493,-4.647341730578482,0.027235750714657243,-3.1730355646665913,0.12612656866922123,-3.1013187483271736,0.35960176012890677,-4.586316330285809,0.028770744394915386,-4.647100347291591,0.035255351358196685,-3.100354698510564,0.3619403868909617,-3.1775729324675033,0.18954612838021645,1.5204081632653061,0.6577181208053691
-3.2427739221283254,0.1602004496056099,-3.2413928869519166,0.35596872510712513,-4.763277635283555,0.023060686598490646,-4.763423543909424,0.02960919179657018,-3.2425073918900975,0.3599691961316357,-3.4149237642028085,0.1973110506042299,-4.811730389908607,0.02809059613803317,-4.811914592229146,0.03607260578544544,-4.762168141611193,0.0231229170944328,-4.813840495160713,0.027940387054212566,-3.38745738169635,0.13045468965639084,-3.2509452522009497,0.3580638223054978,-4.761334491971636,0.029905658882664932,-4.813012641976348,0.036136349314100306,-3.24937267386154,0.3603974107271458,-3.414832949234385,0.1973638241137213,1.5224489795918368,0.6568364611260054
-3.4940106081002082,0.164227970010994,-3.389590498561771,0.35594983345999837,-4.961737800760696,0.024215586100053203,-4.9618687576394285,0.031066718195504748,-3.390906624916104,0.36006632858491433,-3.6577035316959257,0.20199314780601535,-4.997562898761025,0.02920364848379446,-4.99773926572696,0.03747099890431478,-4.961318434577002,0.02428936690243681,-5.000066544077743,0.029043867252649173,-3.609371124246318,0.1322423513039388,-3.400211950498732,0.3571066137512674,-4.959872468291092,0.03139450202450678,-4.998621213424768,0.037539558264662466,-3.3980549442372245,0.35950914484009017,-3.6577924151796397,0.2020856804487881,1.5244897959183674,0.6559571619812583
-3.74949221922689,0.16485042622073862,-3.5388729212147894,0.3565670418268836,-5.18459876307407,0.025370171996987895,-5.184721987032492,0.032521916112853155,-3.5404777381558463,0.36078280531227064,-3.9060257427634637,0.20345750056642437,-5.2062596233600775,0.03042537174786735,-5.206429925276647,0.03900699005569507,-5.184906729010226,0.025450237793896987,-5.209070441675218,0.03025058657759915,-3.8387085754872414,0.13141862207805044,-3.549655822447416,0.3567057124088451,-5.18296292327895,0.03288078415635369,-5.2071207129634915,0.039082701714072236,-3.5469894003374187,0.3592424694941033,-3.9063502079217947,0.20356349726235884,1.526530612244898,0.6550802139037433
-4.009679754198374,0.16237021888721256,-3.690010482417757,0.3575659188267896,-5.426928345498885,0.02626305558741228,-5.427051253389275,0.03363987758463102,-3.691965453520075,0.3618533565844755,-4.159841095213221,0.20189516314537448,-5.4347636738546266,0.0314503069592655,-5.434932111606821,0.040288880070813875,-5.427918616037391,0.02634312549732634,-5.437748201954588,0.031257769520472226,-4.0757373007277256,0.12815942836135877,-3.6999952704230035,0.35673372826230704,-5.425612533180361,0.03402356015610982,-5.435444487945158,0.04037130043731858,-3.696949644203168,0.35946394235109963,-4.160366883837723,0.2019979564387047,1.5285714285714287,0.6542056074766355
-4.275610008788456,0.15736625181585737,-3.8433738109836124,0.3585073653063487,-5.680513120963544,0.026729536183173464,-5.68064160320615,0.03421053498377511,-3.845705493167989,0.36282944208768664,-4.419222791934174,0.19778227793851177,-5.676105212199261,0.032066098523363014,-5.676276323148704,0.04104538528339573,-5.682083987894492,0.026803362348593457,-5.679121271624297,0.0318559556952095,-4.321296228956935,0.12285751673831122,-3.8517363890397283,0.356881742433715,-5.679556519399019,0.03461070685772973,-5.6765983277089225,0.04113489259645544,-3.848503030587788,0.35984095857870624,-4.419949316744041,0.19787386569803975,1.530612244897959,0.6533333333333333
-4.549168629730136,0.15062126118223493,-3.9985611461147776,0.35890181246559405,-5.936996755343023,0.026754620518914304,-5.937134974191727,0.03421595124646746,-4.001260899435665,0.3632171645219786,-4.68456403455114,0.1918391686477693,-5.9225582924580245,0.03222287624267927,-5.922736138720289,0.04121388790086555,-5.938994365927005,0.026817217041166033,-5.925461981989436,0.03199702773061126,-4.5770603194992505,0.11609952408004769,-4.004776644695932,0.35675788081396387,-5.9364577145372905,0.034623559364786054,-5.922921192280619,0.041311031368652426,-4.001549534378261,0.35994879572675714,-4.685473060131981,0.19190417439386734,1.5326530612244897,0.6524633821571239
-4.833075349845613,0.14300637986949372,-4.154460566959818,0.3584183328095712,-6.1908491374021875,0.026453657522327315,-6.190999416887176,0.033804825130866294,-4.157493305748069,0.3626879339593634,-4.956666750754626,0.18491899807028986,-6.168720728636419,0.03202168007995194,-6.1689081550538045,0.04092483315087922,-6.1930862167762095,0.026502608410411275,-6.171367143932159,0.03178313242071238,-4.845794736389414,0.10859808808840518,-4.158382126318216,0.3560585449405863,-6.190751897776415,0.03421051998651673,-6.169030003033981,0.04102700467353194,-4.155333639360507,0.3594649517916191,-4.957665666973012,0.1849510477397809,1.5346938775510204,0.6515957446808511
-5.130285113769783,0.13539587884947418,-4.309718767758971,0.3570039748076554,-6.441000633656544,0.02598542308096834,-6.44116415711789,0.03318086140048866,-4.313034154864681,0.36119658445353686,-5.236450693776194,0.17788942658429385,-6.4132611728451225,0.0316225638999992,-6.413459830275926,0.04038364510207508,-6.443289510650962,0.026020705797764294,-6.415527345369583,0.031374560962154484,-5.130946869148054,0.1011156410736841,-4.311499901056787,0.35468826659510844,-6.441284229115221,0.03357848530470741,-6.41352723874626,0.040487458174623715,-4.308796028752893,0.35827671857548415,-5.237458318838725,0.17789773530318395,1.536734693877551,0.650730411686587
-5.442883254568246,0.12862913528793535,-4.463190603476796,0.3548450383535908,-6.69019914112184,0.02545564006528323,-6.69037644803654,0.032479431427488194,-4.4667319469893485,0.35894015002188184,-5.524403753082925,0.17155074880495216,-6.658439667052054,0.031135167981219302,-6.658650230738594,0.039730782810243365,-6.6923535864344,0.02547894865738807,-6.6602183055941175,0.030880700497865086,-5.435434275962514,0.09443103927599078,-4.463157945320235,0.3527640393641083,-6.690791002881287,0.03286715979010789,-6.658656685298119,0.03983505814556054,-4.460929296170565,0.3564825864327355,-5.525385029682072,0.1715455534446404,1.5387755102040817,0.649867374005305
-5.770703902629215,0.12347826339500695,-4.614147757259802,0.35227658720096267,-6.942408014586325,0.024872106959531865,-6.942598975171807,0.031710641214789365,-4.617858458756871,0.35626538682585734,-5.819997235127458,0.16658332833079417,-6.9077166876210985,0.030562728715285148,-6.907938755827253,0.03897061008215488,-6.944259901959358,0.02488685933586483,-6.908914876645284,0.03030565179431045,-5.7597865843629865,0.0893032183620521,-4.612706502449901,0.35054598394050496,-6.94326850457206,0.03208723207202355,-6.907917951496818,0.03907381047498197,-4.6110310336918,0.35434006571060167,-5.820919618807021,0.1665713123436282,1.5408163265306123,0.6490066225165563
-6.110248674425381,0.12056387395971142,-4.7624012699674445,0.349699106047377,-7.19995628450226,0.024168847481637834,-7.20016043208262,0.030790575089935497,-4.7662305629404305,0.353583970748079,-6.121376145936685,0.16349188772054934,-7.163055368584641,0.029824993128600166,-7.163287913889192,0.03800111002886022,-7.201389148989571,0.024179557874733748,-7.1636194309262775,0.029570412902397876,-6.100045802580038,0.08637212191523094,-4.759943092794151,0.34836884021891557,-7.201014914592891,0.031153704421676177,-7.163245964466176,0.03809966133288969,-4.75887266940301,0.35218724735610923,-6.122200382178536,0.16348074153147651,1.542857142857143,0.6481481481481481
-6.4546783730079405,0.12021335290562558,-4.908371232505206,0.34747564973732264,-7.462177826919708,0.023270175421080792,-7.462394131788526,0.029623199135786187,-4.9122792040946965,0.35126778843580164,-6.425421607256437,0.1625265761952398,-7.423599085786284,0.028830879701261643,-7.42384063389299,0.036706773049745414,-7.4631275644192225,0.023281706028061275,-7.423509080690334,0.02858452605889712,-6.447020325646515,0.08600405772821128,-4.905224907279685,0.346555394336736,-7.463342817378325,0.029971767647227407,-7.423729730936825,0.036798312062138946,-4.904777856507421,0.35034424168807937,-6.426132151537607,0.16252551238352286,1.5448979591836736,0.6472919418758256
-6.795404440848441,0.12235256519227836,-5.052985211506751,0.3458153317780424,-7.726004149554051,0.0221479783464606,-7.726230716537451,0.028173297231809422,-5.056945683155181,0.3495309888638771,-6.728127760391344,0.16363326739716522,-7.686220575938742,0.02754639547422999,-7.686469070646433,0.03504506711759456,-7.726468605867327,0.022165227767680578,-7.6854871037498995,0.02731421420309691,-6.788694200662854,0.08816179557283488,-5.049409798647219,0.3452943644197773,-7.727259461592741,0.02850719500767665,-7.686275790903733,0.03512923611963607,-5.049549673392265,0.34900336329616105,-6.728744718593204,0.16364754262520537,1.5469387755102042,0.646437994722955
-7.12469342661955,0.12652019019443997,-5.19734114676471,0.344696439097938,-7.987674952773725,0.020838140792881224,-7.987909354090684,0.02648710889843571,-5.201343517623144,0.34835264462422433,-7.025314867631623,0.16648275175430255,-7.947170221277863,0.026015372671501134,-7.947423356800304,0.03307252118337268,-7.98773507170876,0.020865098199071196,-7.945855847908049,0.025802374398506037,-7.114680616107161,0.09240787943030684,-5.193527918667963,0.34456013560963156,-7.989061637519964,0.026805066070389287,-7.94717724094794,0.033148000026541224,-5.194182293618271,0.34814773283953265,-7.025856264566015,0.16651133591036654,1.5489795918367348,0.6455862977602107
-7.4376021027662915,0.13200151088106427,-5.342281869803028,0.34388877874837986,-8.244241452914583,0.01941687702621244,-8.244480613703987,0.024661954586206188,-5.346332325844596,0.34749925253703423,-7.313451125358684,0.17056305318189277,-8.203546613310044,0.024331521091111814,-8.203801775908408,0.03090884266057352,-8.24404735409187,0.01945578283227378,-8.201760763644742,0.024140518495646357,-7.4191947058169445,0.09805949203729922,-5.338386885509273,0.3441297791289318,-8.245774881605325,0.024962996744237843,-8.20349166507351,0.030973966016508567,-5.339455612606024,0.3475576859592078,-7.313915628185871,0.17060528082139692,1.5510204081632653,0.6447368421052632
-7.732292879048134,0.13800776454994532,-5.48814855577161,0.3430511436916931,-8.49414644326705,0.017966211192669983,-8.494386702303832,0.022802247297270973,-5.492269545900154,0.3466229082630615,-7.590210774970632,0.17529647649954283,-8.453860954968013,0.022596125871472104,-8.454115098349387,0.02868300691806253,-8.493896826509374,0.018017653658420486,-8.451739801445477,0.022427774782602466,-7.701023746271295,0.10438797867450028,-5.48432281962386,0.3436658194720901,-8.495863124230436,0.0230874429639572,-8.453711172669454,0.028738365677002064,-5.485667094594031,0.34690261626471514,-7.590614476446284,0.17535444060797256,1.5530612244897959,0.6438896189224704
-8.00926500353076,0.1438186738314301,-5.634743668412807,0.34182659999404297,-8.737097824810725,0.01655169337141294,-8.737335489424707,0.02099119069296956,-5.638970439268486,0.34535720698652894,-7.854654327564362,0.1801380810362755,-8.697890204591943,0.020890360471902146,-8.698140259528477,0.02649809696263324,-8.73703283441838,0.016614823276186935,-8.695595210823196,0.02074368252852968,-7.961877436702004,0.11075421070761143,-5.63113779311481,0.34281153664178937,-8.739117134596647,0.021261624684530172,-8.697674933905137,0.026545099075136046,-5.632600410654744,0.34584123375129666,-7.8550320207057895,0.18021076576283096,1.5551020408163265,0.6430446194225722
-8.27037634276272,0.14885122626449537,-5.781372537304878,0.3399148979332091,-8.97365652011659,0.01521519316095968,-8.973887708807148,0.0192817248658574,-5.785744637006558,0.3433907518684609,-8.107097245549815,0.18462369197533113,-8.936248263192233,0.01926621432742842,-8.936491019560881,0.024419895188269872,-8.97403387479429,0.01528787813954072,-8.933960396432688,0.019138866054372723,-8.204783571190402,0.11665875673291105,-5.778149169547696,0.3412664509255879,-8.976102854416538,0.019537078183995266,-8.936024076302761,0.024458560427533745,-5.779581066798838,0.3440863376377471,-8.107468361125193,0.18470769290309494,1.5571428571428572,0.6422018348623854
-8.518120286615897,0.15266709389913982,-5.926909507193726,0.3371366737471476,-9.204802727303182,0.013977777414683696,-9.205023548103336,0.01770029790242651,-5.931458157866084,0.3405338203909327,-8.348810851260957,0.1883686416505623,-9.169933443464625,0.01774995248436113,-9.170165540265831,0.022481421199416252,-9.205858571591918,0.014057101571308102,-9.167827038392566,0.017638691999224226,-8.433159638528892,0.12173231564819133,-5.9242573550785504,0.3388472965927628,-9.207736334069855,0.01794037507625334,-9.169710901088456,0.022511506001067966,-5.925517284884569,0.34146511818780323,-8.349189218496807,0.1884634728150991,1.5591836734693878,0.6413612565445026
-8.755204834383832,0.1549382755328998,-6.069910663530915,0.33350166366696504,-9.431669929844443,0.01284583389021693,-9.431877004546493,0.016254698345234415,-6.074645026518478,0.33678968617854227,-8.581666056769155,0.19102847970163067,-9.400046721869533,0.016349957696301508,-9.400265141712532,0.020692964157073074,-9.433596699874371,0.012928781202295497,-9.398274651454177,0.01625143487544484,-8.650373821222539,0.1256870175386949,-6.068056794095683,0.33555709873933504,-9.435140012969342,0.01648032654941121,-9.399824047338786,0.0207155667044049,-6.069015222835645,0.33799461466990394,-8.582086576849939,0.19113452506080822,1.5612244897959184,0.6405228758169934
-8.98423092367661,0.15539757597181553,-6.208871388697579,0.329268372544104,-9.655369535298316,0.01181595951185889,-9.655559600066539,0.014940310537429845,-6.213767195196742,0.3324173218719388,-8.807682232785167,0.1922507608876539,-9.627626841327377,0.015062966804686148,-9.627828647424602,0.019050052231540843,-9.658318886749196,0.011899688711409073,-9.626337121117134,0.01497398638292057,-8.859393694310498,0.1282612589687861,-6.208099728979616,0.33164170738573345,-9.65946544537886,0.01515208568576477,-9.627475026678553,0.019066515993951653,-6.208657500173116,0.3339341461752664,-8.808195043535314,0.19236431811874416,1.563265306122449,0.639686684073107
-9.207372576212364,0.15381641934430623,-6.3426563089799375,0.32493640286765363,-9.876831504334712,0.01087925856218427,-9.877001667122698,0.0137456021182386,-6.347651868745527,0.3279248619729433,-9.028533426369014,0.19167200644986188,-9.853506371315836,0.013879264926673561,-9.853688782330494,0.0175400857158098,-9.880889317162062,0.01096109579806203,-9.852823443176094,0.013796490107853566,-9.06243212999452,0.1292030528995589,-6.343306643653656,0.32757687068665214,-9.881599956145992,0.013943031037671033,-9.853526682587848,0.017549973647949146,-6.343400907839383,0.3297673682406808,-9.029185981199095,0.19178451860509105,1.5653061224489797,0.6388526727509778
-9.426163244384199,0.15002842349167117,-6.470913816067844,0.3211365963123304,-10.096742384328687,0.010024349651479464,-10.096890490687606,0.01265593003289023,-6.475914933534868,0.32395769838227945,-9.245229443232613,0.1889776421225242,-10.07826566052121,0.01278637874051767,-10.078426505020092,0.016147014615132037,-10.101901014788648,0.010102386093867545,-10.07824213912896,0.012706956700787142,-9.260760057377862,0.1283034672067205,-6.473350794833979,0.32396055377547917,-10.102096259941709,0.012839234446529558,-10.078450807759847,0.016149542381621706,-6.472950749937063,0.32609797890462144,-9.246064197705472,0.1890774346993794,1.5673469387755103,0.6380208333333333
-9.641488617433504,0.14397926930184213,-6.594227971617205,0.3184635074905296,-10.315438197297764,0.009238762810274031,-10.315562090997506,0.011655323705598639,-6.599119978952488,0.321127541346276,-9.458092859786916,0.18398828025985733,-10.302159319708592,0.011770569347689617,-10.302296487122959,0.01485323918940389,-10.321659982189855,0.009312091309514391,-10.302820184891278,0.01169268041852762,-9.454770118083662,0.12545264580856916,-6.598793058232085,0.32134905271654723,-10.321305483879469,0.011826692801778619,-10.30247418660088,0.014849873040008147,-6.597907968056703,0.3234868541862014,-9.459157314853815,0.18405911786958448,1.569387755102041,0.6371911573472041
-9.853810262210015,0.13576589152842786,-6.713904548073288,0.3173379631754209,-10.532748534858314,0.00851086735762699,-10.53284628998494,0.010728926628709931,-6.718569601926039,0.3198719359935151,-9.667001296680958,0.17672164585902322,-10.524975466515391,0.010818826943135988,-10.525086993554918,0.013642142587899931,-10.53998281278372,0.008578867383440405,-10.526332535506985,0.010740809862981383,-9.644251462206096,0.12068363101820134,-6.720858698121945,0.3201214257247011,-10.539211707929157,0.010889964981559464,-10.525539517000626,0.01363420787094404,-6.719546100543125,0.32231054221268646,-9.66832753224551,0.17673776959112839,1.5714285714285714,0.6363636363636364
-10.063531856498777,0.1256328737162928,-6.831531332800004,0.31796836116723315,-10.747930268400793,0.00783124977729625,-10.748000060068609,0.009864712645559548,-6.835867739988965,0.3204137787378965,-9.871766833400631,0.16739367064341484,-10.74597486261247,0.009920380737216718,-10.746059212015599,0.012499972565486404,-10.756060655122262,0.007893964145389393,-10.747930038883622,0.009841112978552495,-9.82878733836897,0.11417677966243152,-6.840994501151529,0.32044170872904254,-10.755015333045908,0.010015423920091217,-10.746877403489885,0.012486208164202444,-6.839343842869359,0.3227232107280689,-9.873306048876806,0.1673222054352487,1.573469387755102,0.6355382619974059
-10.271356758641588,0.1139295218524742,-6.948600829459671,0.32040581796106093,-10.959499655213598,0.007193488117657507,-10.959538283846697,0.00905446344757754,-6.952542381454263,0.32281574333093926,-10.072493514951653,0.15636290722668728,-10.963719515605373,0.009067125356040656,-10.963774605329647,0.011416375574543008,-10.968478302187194,0.007251955820188213,-10.96614147125757,0.00898698443325968,-10.00812537935865,0.10622017647370453,-6.960481038864209,0.3223156909586854,-10.967114413304639,0.009196264258344286,-10.964813088088759,0.011396520639530717,-6.95859257623057,0.3247216654668657,-10.0740622474251,0.15617477368084742,1.5755102040816327,0.6347150259067358
-10.478626927529163,0.10105405192329563,-7.066368806080524,0.3246322221641014,-11.165066503925676,0.00659625736350809,-11.165069206611047,0.008296406348148386,-7.069901416510552,0.32706697758470876,-10.269873933542023,0.14404731743109256,-11.175795602745527,0.00825572191930314,-11.175818781655561,0.010387036045231494,-11.174990986851876,0.006651049940459168,-11.17860435063137,0.008175097202570364,-10.182430723511324,0.09714922432772158,-7.080272467052704,0.32568965473860856,-11.173365713543507,0.008431956722481159,-11.17697841412265,0.010363628797174168,-7.078257146271756,0.32824494220922606,-10.271106956870307,0.1437258866986761,1.5775510204081633,0.6338939197930142
-10.68772564138872,0.08740089004347858,-7.185940005479539,0.33062402038829547,-11.361398548101176,0.006044946235724192,-11.361357998976539,0.0075972100961668,-7.1891098600305146,0.3331450260409477,-10.465395603682566,0.13083192710947938,-11.378641204217194,0.0074897602200060245,-11.378629057333189,0.00941635560507536,-11.37235508691119,0.006096204665396837,-11.381615093315842,0.0074089122515642375,-10.352452627828388,0.08728587303564053,-7.2010902096117295,0.3305380097402357,-11.37082494058391,0.007726722829385031,-11.380031106955819,0.00939062498217203,-7.199062567057474,0.3332564298381268,-10.465657240385065,0.13038535782171431,1.579591836734694,0.6330749354005167
-10.902648900466088,0.07332864652480515,-7.3084557627488556,0.3383510178355598,-11.544599255251892,0.005553175898465126,-11.544503693869387,0.006973879166426905,-7.311365715216754,0.34101316575353635,-10.661299546421796,0.11699860479650655,-11.56729688895365,0.006782184080282283,-11.567243473202009,0.008520481480205996,-11.556795800626388,0.005601386575631121,-11.570153126676932,0.006702827229290759,-10.51952481883735,0.07688808259287513,-7.323683169025576,0.3368911768057054,-11.555448155978862,0.007095504306232544,-11.568829880596473,0.008491275469575886,-7.321737162942258,0.339777380703445,-10.65965199657143,0.11648072551888104,1.5816326530612246,0.632258064516129
-11.130232216477792,0.05916653773582355,-7.435175313245997,0.34770290260938647,-11.7110370511208,0.005145640775432587,-11.71087217206493,0.006457282610488601,-7.437968676197929,0.3505459939785237,-10.86025530782877,0.10272015566290865,-11.73562295052302,0.006160991465723383,-11.735520045915022,0.00773442894622109,-11.724864184091837,0.005189804419508801,-11.738255943821752,0.006084306152221323,-10.685226953308495,0.06613497718753339,-7.449048694386494,0.34477790416233556,-11.72340178070552,0.006570614284968074,-11.736860585215354,0.007702757492890378,-7.447259101489949,0.3478344469489006,-10.855611394884217,0.10223810855658823,1.5836734693877552,0.6314432989690721
-11.383593912629246,0.04526229835555314,-7.567317487662959,0.3583934043412164,-11.859775576956205,0.004858195846826611,-11.859529006474258,0.006092198711166038,-7.570151305936032,0.36143436206818097,-11.064972723919531,0.08812437400319033,-11.878323195260494,0.005674225852263773,-11.878162042374697,0.007118261356560462,-11.875267982653725,0.004895990001683851,-11.880484566956522,0.005599842241379583,-10.850850000489329,0.05516371013965581,-7.578416182280785,0.3541117227387547,-11.873938693716001,0.006197612082820942,-11.879083628225136,0.00708815056551365,-7.576852919206976,0.3573351381132929,-11.056373589040604,0.0878164771489819,1.5857142857142859,0.6306306306306306
-11.693106411113556,0.032094405040545934,-7.705742512790881,0.36991408213832355,-11.996012365772586,0.004733409168274689,-11.995682358139405,0.005931696610291557,-7.70875737912485,0.37314202921041695,-11.278167909766156,0.07339343898827796,-11.995802849548324,0.005390075650737234,-11.995578580663752,0.006757138268839268,-12.012768401887596,0.004763561484458163,-11.997217059182422,0.005318385896333929,-11.017084078495612,0.044127770880709266,-7.712967504958566,0.3645918288374565,-12.01206350731663,0.006026605746170149,-11.99647043780799,0.006729175961603854,-7.711676902573755,0.36796554920360897,-11.265032749726334,0.0733886666615324,1.5877551020408165,0.6298200514138816
-12.145084959395746,0.020617462856030427,-7.850687625182612,0.38157460109818586,-12.133680920369372,0.004810190183280457,-12.133287048023568,0.006024086372900228,-7.8539803446387,0.38495050516215273,-11.503555774331076,0.058837928218960035,-12.10129798106951,0.005384946285694813,-12.10101991301174,0.006746264633979533,-12.151024312449366,0.0048315347633347775,-12.102197553140465,0.005314879775521241,-11.184252942551698,0.03323395660346098,-7.853462584211627,0.3756833104291069,-12.150489761724053,0.006106243524603305,-12.101765577351204,0.006717192774857994,-7.852452819526567,0.37918324916995966,-11.485834500628554,0.05922004863645697,1.5897959183673471,0.6290115532734274
-12.955910693740442,0.013646282385999579,-8.001716764226545,0.39260398516938316,-12.292845856490763,0.0051073169265363995,-12.292423606893127,0.006392296227783183,-8.00532073888086,0.39606657623517677,-11.74889159659861,0.04490088985078376,-12.221977550171117,0.0057110033431318884,-12.221669155503085,0.007150181721340703,-12.309596510925369,0.005119615754785589,-12.222536379095233,0.005639074621022159,-11.353865736031869,0.022739131729531573,-8.00000998000196,0.38668751208844526,-12.308931326955275,0.00646690912377315,-12.221858764615504,0.007122407865891612,-7.9992719054374355,0.39028570106742083,-11.727192531360869,0.045688387246591904,1.5918367346938775,0.6282051282051282
-13.925187768524566,0.015631779733783612,-8.157857087849829,0.4022481820493504,-12.491628466248642,0.005614734692678275,-12.491211019266583,0.007023121494815574,-8.161734868091612,0.4057260132511953,-12.034005954211404,0.032127475461560584,-12.386093611141282,0.006368707557705796,-12.38577654964142,0.007968549140935264,-12.50685406758333,0.005621160136657174,-12.386464368180551,0.0062932644334259035,-11.536389351120294,0.012903554314673847,-8.152076399400258,0.3968462568501866,-12.506666121765116,0.00709734539001006,-12.386200677197797,0.007946136559348407,-8.151587362340203,0.40050499530247763,-12.009450667173567,0.03326329869116906,1.5938775510204082,0.6274007682458387
-14.487917549881024,0.022837359936459866,-8.317753211211414,0.4098243456095648,-12.740709354478565,0.006297334599934094,-12.74031551776978,0.00787209543098065,-8.321803096441641,0.41325199346442054,-12.414939390556487,0.02123170221645202,-12.609656059490463,0.007311680787632044,-12.609338835371018,0.009142486331507969,-12.754233988143135,0.006301474305881414,-12.610348839654707,0.007231326160338294,-11.84950282412353,0.003957695100839095,-8.308610668887695,0.4054221906813017,-12.754525596154851,0.007947518885395495,-12.610662716600652,0.009120817651890158,-8.308317483487887,0.4090991339334919,-12.386273246733179,0.022589065948181167,1.5959183673469388,0.6265984654731458
-14.828151453423413,0.030770621853737034,-8.479700408402072,0.4147515893605441,-13.043620459511207,0.007098755938728966,-13.043251983454985,0.008868348126596731,-8.483780091209985,0.4180868555937731,-13.042096194193178,0.013676135324631552,-12.895899309612117,0.008463193306578262,-12.895576391305543,0.010575369720604683,-13.05539182169406,0.0071028067326232465,-12.897186298715562,0.008375264637866992,-14.666377215942434,0.004444659401738929,-8.468123069913101,0.41175293917450834,-13.055541048150507,0.008948109483299969,-12.897386531358753,0.010550985844214381,-8.467959599875975,0.41541337983573334,-12.990883877828958,0.015056785438263416,1.5979591836734695,0.6257982120051085
-15.086467588613163,0.038318933725793064,-8.641535360702367,0.41661371405796005,-13.399351490856894,0.007941098858318278,-13.398997778444837,0.009914333301461036,-8.645505373594126,0.4198496972989938,-13.959111618590262,0.01259996863940521,-13.241291376386762,0.009722309132723974,-13.240948473011173,0.012140625105216126,-13.409329275962016,0.007947800402379732,-13.243251628392526,0.009626191071479632,-14.937232477702306,0.011857021770069847,-8.62865117587314,0.41531438026779116,-13.409311308301497,0.01000632083054513,-13.243226901560451,0.012118879200754346,-8.628565634715365,0.41892737771280825,-13.870404687040798,0.013678913918469864,1.6,0.625
