wavelengths,s11a,s12a,s21a,s22a,s11m,s12m,s21m,s22m
1.5999999999999999,0.4932549389436157,-2.5476192268170808,-2.547623300100584,0.39395448933787086,2.584302303948548e-05,0.9999982019307814,1.0000080352832081,2.6838834046928245e-05
1.5989319092122831,0.4027590134131601,-2.5202506104014004,-2.5202545644207843,0.3121603057754872,2.777962115798165e-05,0.9999987622962103,1.0000085679845216,2.9022211406946457e-05
1.5978652434956637,0.3252143529795022,-2.4928841536680317,-2.4928879872437917,0.24282674885027322,2.986613976975478e-05,0.9999993169143843,1.0000090867640752,3.132189230689195e-05
1.5968000000000002,0.2587674177825336,-2.4655198653063946,-2.4655235775224216,0.18385732668178978,3.206238694265948e-05,0.9999998642389449,1.0000095900766623,3.3701610692119305e-05
1.5957361758827449,0.2017192037858044,-2.4381577539522676,-2.4381613441600973,0.13348496535097354,3.43364368049987e-05,1.0000004027800629,1.0000100764470754,3.613324873170224e-05
1.5946737683089214,0.15260342172896063,-2.410797828183911,-2.410801296006398,0.09026518347639977,3.6662868309284536e-05,1.0000009311109024,1.0000105444768839,3.859472387992746e-05
1.593612774451098,0.1101939541474103,-2.383440096517989,-2.3834434418523758,0.05303379197875073,3.902120395694497e-05,1.0000014478736607,1.0000109928507581,4.106835081386707e-05
1.5925531914893618,0.07348176211179819,-2.356084567405034,-2.3560877904253883,0.020857056506262735,4.1394654737778185e-05,1.0000019517851404,1.0000114203422992,4.3539627031849855e-05
1.591495016611296,0.041642177108872615,-2.3287312492246075,-2.3287343503835922,-0.007014306509173263,4.376915948267092e-05,1.000002441641857,1.0000118258193593,4.5996351612104095e-05
1.5904382470119522,0.014002228735395705,-2.3013801502802105,-2.3013831303101697,-0.03118374903597947,4.6132668250849856e-05,1.0000029163246533,1.000012208248846,4.8427991730010934e-05
1.589382879893829,-0.00998821861520499,-2.274031278794007,-2.274034138707339,-0.052139890736905704,4.8474614930468196e-05,1.000003374802796,1.0000125667009563,5.082522876810374e-05
1.5883289124668436,-0.03078053459883584,-2.2466846429012457,-2.2466873839900394,-0.07028085716900315,5.0785531857956266e-05,1.00000381613753,1.0000129003528453,5.317963328091164e-05
1.5872763419483102,-0.048746801407726026,-2.219340250644567,-2.2193428744794903,-0.08593318968799156,5.305676933477536e-05,1.0000042394851407,1.0000132084917401,5.548343219885172e-05
1.5862251655629138,-0.06419533314463371,-2.191998109968227,-2.1920006183966407,-0.09936648352552661,5.528029218103952e-05,1.0000046440994357,1.000013490517449,5.772934226200515e-05
1.5851753805426867,-0.07738294523649109,-2.164658228712156,-2.1646606238554473,-0.11080471941679156,5.744853282404026e-05,1.000005029333661,1.0000137459442477,5.991045126964546e-05
1.5841269841269838,-0.08852462483459941,-2.1373206146060304,-2.137322898856149,-0.12043505567010371,5.955428594195114e-05,1.0000053946419247,1.0000139744022303,6.202013404455769e-05
1.5830799735624588,-0.09780114970075354,-2.1099852752632837,-2.109987451278475,-0.12841467281848648,6.159063382926322e-05,1.0000057395800173,1.0000141756380099,6.405199383074985e-05
1.5820343461030382,-0.10536509770724388,-2.082652218175255,-2.082654288874984,-0.13487612285238057,6.355089455824245e-05,1.0000060638056807,1.0000143495148206,6.599982242452291e-05
1.5809900990099008,-0.11134559510175936,-2.0553214507052093,-2.055323419264274,-0.13993152516231264,6.54285871980026e-05,1.0000063670783756,1.0000144960120645,6.785757424571983e-05
1.5799472295514514,-0.11585207463260659,-2.027992980082694,-2.0279948499245277,-0.1436758680642359,6.721740985260719e-05,1.000006649258484,1.0000146152242473,6.96193508317174e-05
1.5789057350032958,-0.11897725257640371,-2.000666813397839,-2.000668588187006,-0.14618961124133079,6.891122743336823e-05,1.0000069103059794,1.0000147073593313,7.127939320966507e-05
1.5778656126482213,-0.12079948608343917,-1.9733429575959722,-1.9733446412298636,-0.14754073739831705,7.050406688176907e-05,1.0000071502786247,1.0000147727365647,7.283208027393352e-05
1.5768268597761685,-0.12138463400548684,-1.9460214194723326,-1.946023016072075,-0.14778636478272153,7.199011814705227e-05,1.0000073693296503,1.0000148117837437,7.427193177670772e-05
1.5757894736842104,-0.1207875158974857,-1.918702205667146,-1.9187037195677359,-0.14697400548704562,7.336373971093441e-05,1.000007567704951,1.0000148250339398,7.55936149416017e-05
1.5747534516765287,-0.11905304081810487,-1.8913853226608475,-1.8913867584005264,-0.1451425330722816,7.461946775609275e-05,1.0000077457398615,1.0000148131217603,7.679195396565684e-05
1.573718791064389,-0.11621706040463109,-1.864070776769667,-1.8640721390785613,-0.14232290742731343,7.575202833848746e-05,1.0000079038554803,1.0000147767791068,7.786194188365716e-05
1.5726854891661195,-0.11230698596964317,-1.836758574141586,-1.8367598679296342,-0.13853869134354668,7.675635218343096e-05,1.000008042554592,1.000014716830483,7.879875448225254e-05
1.5716535433070866,-0.10734219872376878,-1.8094487207525296,-1.8094499510967221,-0.1338063836913966,7.762759180835516e-05,1.0000081624172188,1.000014634187894,7.959776602348835e-05
1.570622950819672,-0.10133427218607985,-1.7821412224031004,-1.782142394534066,-0.1281355849126891,7.836114092915904e-05,1.00000826409582,1.000014529845338,8.025456673813469e-05
1.5695937090432504,-0.09428701812728336,-1.7548360847155027,-1.7548372040034712,-0.12152900350420796,7.895265616705733e-05,1.0000083483101732,1.0000144048729431,8.076498210856055e-05
1.568565815324165,-0.08619635983580194,-1.72753331313109,-1.7275343850712699,-0.11398230510593446,7.939808124885266e-05,1.0000084158419742,1.0000142604107867,8.112509409465208e-05
1.567539267015707,-0.07705002955757466,-1.7002329129081737,-1.7002339431055828,-0.10548379922011794,7.96936740282399e-05,1.000008467529175,1.0000140976623972,8.13312645843983e-05
1.5665140614780901,-0.06682708012590326,-1.6729348891204046,-1.672935883274195,-0.09601395187559189,7.983603682638352e-05,1.0000085042601112,1.0000139178880316,8.138016147582225e-05
1.5654901960784315,-0.055497192977231206,-1.6456392466555503,-1.6456402105428758,-0.0855447046860257,7.98221507683921e-05,1.00000852696744,1.0000137223977106,8.126878797032036e-05
1.564467668190725,-0.04301975731898315,-1.6183459902146893,-1.6183469296741566,-0.07403857295261979,7.964941501381962e-05,1.0000085366219216,1.0000135125440783,8.099451582945892e-05
1.5634464751958226,-0.029342684732038982,-1.5910551243120012,-1.59105604522676,-0.0614474842000203,7.931569212651708e-05,1.0000085342261127,1.0000132897151361,8.055512366719709e-05
1.5624266144814092,-0.014135241043055854,-1.5637666440886977,-1.5637675526255512,-0.04682906252810068,8.035717436784971e-05,1.0000085152796572,1.0000130496380677,8.14852039625587e-05
1.561408083441982,0.0017194082449805785,-1.5364805468825202,-1.5364814494657653,-0.030568113374928374,8.40056545603905e-05,1.0000084772471962,1.000012790067021,8.501817747930872e-05
1.5603908794788273,0.01728061156029051,-1.5091968534734095,-1.5091977560764407,-0.014701589251790825,8.749118350774019e-05,1.00000843155101,1.0000125231184902,8.838814096094468e-05
1.559375,0.03262871147281123,-1.4819155676711244,-1.4819164762392525,0.0008614619420969988,9.081022718837821e-05,1.000008379271292,1.000012250264583,9.15916622747467e-05
1.558360442420299,0.04782889977440807,-1.454636693102131,-1.4546376135345649,0.016195120867386482,9.395949242909423e-05,1.0000083214845268,1.0000119729721364,9.4625569976137e-05
1.5573472041612484,0.06293486685375788,-1.4273602332122401,-1.4273611713440495,0.031360542405038286,9.693592314083311e-05,1.00000825925733,1.0000116926954925,9.748694327194796e-05
1.556335282651072,0.07799149474422215,-1.4000861912694704,-1.4000871528535799,0.04640888950982774,9.97366999885844e-05,1.0000081936404661,1.000011410869457,0.00010017310673729217
1.5553246753246752,0.09303687930957621,-1.3728145703675434,-1.3728155610568262,0.0613835503265353,0.00010235924237099193,1.0000081256629954,1.0000111289023694,0.00010268162829349819
1.5543153796236209,0.1081038742520993,-1.345545373429571,-1.3455463987590999,0.07632183987031196,0.00010480121192976596,1.0000080563266378,1.0000108481694117,0.000105010319426045
1.553307392996109,0.12322128932696079,-1.318278603212327,-1.318279668581845,0.09125632585034198,0.000107060517069936,1.0000079866003515,1.0000105700061248,0.00010715723694299538
1.552300712896954,0.13841483632647084,-1.2910142623107859,-1.2910153729674567,0.10621587817802351,0.00010913531810569314,1.0000079174151721,1.0000102957022021,0.00010912068575118643
1.5512953367875646,0.15370788923826476,-1.2637523531629946,-1.2637535141844953,0.12122651325620287,0.00011102403282570258,1.0000078496593239,1.000010026495577,0.00011089922235936859
1.5502912621359224,0.16912210666121388,-1.2364928780553819,-1.2364940943333937,0.13631208494758426,0.00011272534228558459,1.0000077841736397,1.000009763566821,0.00011249165883107814
1.5492884864165588,0.18467795222057207,-1.209235839128239,-1.209237115352405,0.15149486098289836,0.00011423819672379596,1.0000077217473013,1.0000095080339029,0.00011389706703949324
1.5482870071105366,0.20039513977981066,-1.1819812383815513,-1.1819825790239429,0.16679601397110458,0.00011556182154577073,1.0000076631139383,1.0000092609473181,0.00011511478311716406
1.5472868217054265,0.21629302387212002,-1.1547290776810226,-1.1547304869811907,0.18223604939971658,0.00011669572333079704,1.0000076089480763,1.000009023285611,0.00011614441202337851
1.5462879276952872,0.2323909514778563,-1.1274793587643908,-1.1274808407150394,0.19783518825820767,0.00011763969587287407,1.0000075598619762,1.0000087959513104,0.00011698583221496288
1.545290322580645,0.2487085880711036,-1.1002320832478045,-1.1002336415811516,0.21361371849462302,0.0001183938262646554,1.0000075164028701,1.0000085797673068,0.00011763920039762202
1.5442940038684718,0.2652662287395202,-1.072987252632514,-1.0729888908073846,0.2295923271626395,0.00011895850107329758,1.0000074790505944,1.000008375473662,0.00011810495639209727
1.543298969072165,0.2820851035473021,-1.0457448683115198,-1.0457465895012215,0.2457924233113452,0.00011933441267465793,1.0000074482156547,1.0000081837248989,0.00011838382815743053
1.542305215711526,0.29918768548305774,-1.0185049315763837,-1.0185067386574116,0.2622364607699495,0.00011952256582393364,1.0000074242377055,1.0000080050877533,0.00011847683703338966
1.5413127413127414,0.31659800868215626,-0.9912674436241502,-0.9912693391657629,0.27894826924828675,0.00011952428459591079,1.0000074073844485,1.0000078400393893,0.0001183853033105875
1.5403215434083604,0.3343420045704959,-0.9640324055641631,-0.9640343918188703,0.2959534021220404,0.00011934121980352793,1.0000073978509867,1.0000076889661293,0.00011811085222879158
1.5393316195372753,0.3524478634544197,-0.9367998184249979,-0.9368018973199994,0.3132795092100213,0.00011897535711295607,1.0000073957595899,1.0000075521626488,0.00011765542059084889
1.5383429672447015,0.3709464296783085,-0.9095696831612561,-0.9095718562908622,0.3309567434733805,0.00011842902601137982,1.0000074011598818,1.0000074298316475,0.00011702126413696334
1.5373555840821567,0.38987163914754325,-0.8823420006603581,-0.8823442692794238,0.3490182114920722,0.00011770490993480709,1.0000074140294828,1.000007322084043,0.0001162109659592022
1.5363694676074409,0.40926100864353054,-0.8551167717491418,-0.8551191367675436,0.36750047829931615,0.00011680605783138486,1.0000074342750405,1.0000072289396051,0.00011522744621601043
1.5353846153846151,0.42915618792810545,-0.8278939972004363,-0.8278964591786097,0.3864441391796428,0.00011573589754811512,1.0000074617336614,1.000007150328068,0.00011407397350480039
1.5344010249839846,0.44960358676762224,-0.8006736777393808,-0.8006762368849423,0.40589447254000327,0.00011449825149858209,1.0000074961747785,1.0000070860907257,0.00011275417833414015
1.5334186939820742,0.47065509098823977,-0.7734558140496075,-0.7734584702150741,0.4259021905745679,0.00011309735516055292,1.000007537302359,1.0000070359824549,0.00011127206922020768
1.532437619961612,0.4923688836134739,-0.7462404067791013,-0.7462431594607211,0.44652430729294007,0.00011153787907088993,1.000007584757489,1.0000069996741645,0.00010963205205530308
1.531457800511509,0.514810389325999,-0.7190274565459754,-0.7190303048836716,0.46782514675429665,0.00010982495514325263,1.0000076381213305,1.0000069767556912,0.00010783895356867299
1.530479233226837,0.538053363215855,-0.6918169639438312,-0.6918199067222687,0.48987751871967306,0.00010796420829623979,1.000007696918388,1.000006966739081,0.00010589804986102878
1.529501915708812,0.5621811470069187,-0.6646089295468415,-0.6646119651976105,0.5127640932174943,0.00010596179461687283,1.0000077606200728,1.0000069690622282,0.00010381510126650628
1.5285258455647732,0.5872881186334599,-0.6374033539146483,-0.6374064805195605,0.5365790111412594,0.00010382444752769318,1.0000078286485836,1.0000069830928975,0.0001015963950570502
1.527551020408163,0.6134813623321627,-0.6102002375966987,-0.6102034528921895,0.561429773074152,0.0001015595337656933,1.0000079003810334,1.0000070081330705,9.924879791263151e-05
1.5265774378585086,0.6256806892677216,-0.5829995778062098,-0.5830028800064709,0.5730044973839721,0.00010125136396627105,1.0000079789105756,1.0000070476447196,9.893406209405604e-05
1.5256050955414013,0.631865243002543,-0.5558013778830456,-0.5558047643748881,0.578818296500072,0.00010160092599932563,1.0000080619422178,1.0000070989948557,9.931359717965955e-05
1.5246339910884787,0.6378889729590549,-0.5286056398272194,-0.5286091073421623,0.5844203762583186,0.00010177172931641662,1.0000081473311038,1.0000071597270475,9.952100289768026e-05
1.5236641221374045,0.643721749391595,-0.5014123641752497,-0.5014159091256553,0.589783395980164,0.00010176787915351272,1.0000082342966068,1.0000072289062107,9.956041822729767e-05
1.5226954863318498,0.6493329878801779,-0.4742215514690385,-0.47422516995782343,0.5948792734340655,0.0001015937430561357,1.0000083220367135,1.0000073055571541,9.943622868101588e-05
1.521728081321474,0.6546913477066928,-0.44703320225798854,-0.4470368900892986,0.5996789506552064,0.00010125394760544852,1.0000084097332376,1.000007388670391,9.915306335260893e-05
1.5207619047619048,0.6597644400362617,-0.41984731710076867,-0.4198510697915824,0.6041521648268339,0.00010075337524711157,1.0000084965570795,1.0000074772080603,9.871579197338908e-05
1.5197969543147207,0.6645185385307416,-0.3926638965666421,-0.39266770935926165,0.6082672190901338,0.00010009716121395487,1.0000085816735187,1.0000075701099382,9.812952196333029e-05
1.518833227647432,0.6689182875838595,-0.36548294123634517,-0.3654868091117328,0.6119907505828636,9.929069061771031e-05,1.0000086642475385,1.0000076662995272,9.73995955488985e-05
1.51787072243346,0.6729264024631372,-0.3383044517026705,-0.3383083693945804,0.6152874920156167,9.83395957722256e-05,1.0000087434490956,1.000007764690149,9.65315869923474e-05
1.5169094363521216,0.6765033567810141,-0.31112842857041106,-0.3111323905802677,0.6181200241524051,9.724975377590826e-05,1.000008818458337,1.0000078641910293,9.553129994931468e-05
1.5159493670886077,0.679607053284062,-0.2839548724561471,-0.2839588730686188,0.6204485173325589,9.602728447107992e-05,1.0000088884707714,1.000007963713374,9.44047650398109e-05
1.514990512333966,0.6821924738370079,-0.25678378398746504,-0.2567878172866726,0.6222304600653386,9.467854882640097e-05,1.0000089527022753,1.0000080621763383,9.315823765247218e-05
1.5140328697850822,0.6842113050690153,-0.22961516380185373,-0.22961922368816354,0.6234203736582087,9.321014786753141e-05,1.0000090103939907,1.000008158512904,9.179819606168142e-05
1.5130764371446621,0.6856115366704044,-0.20244901254524703,-0.20245309275258133,0.623969512501768,9.16289222335867e-05,1.000009060817077,1.0000082516756565,9.033133989014604e-05
1.512121212121212,0.6863370295629081,-0.17528533087011472,-0.17528942498372366,0.6238255503101683,8.994195248316955e-05,1.000009103277227,1.0000083406423503,8.876458897212323e-05
1.511167192429022,0.6863270523948788,-0.14812411943332346,-0.14812822090795072,0.6229322541054878,8.815656025942743e-05,1.0000091371189859,1.0000084244213112,8.710508265414992e-05
1.510214375788146,0.6855157857476413,-0.12096537889358203,-0.12096948107196316,0.6212291490862833,8.628031043511191e-05,1.0000091617298559,1.0000085020566323,8.536017956141479e-05
1.5092627599243855,0.6838317953157144,-0.09380910990862668,-0.09381320604025195,0.6186511797263835,8.432101435214136e-05,1.000009176544105,1.0000085726330983,8.353745783198117e-05
1.5083123425692695,0.6811974779620064,-0.06665531313210481,-0.06665939639218221,0.6151283753411563,8.228673426397273e-05,1.000009181046315,1.000008635280865,8.164471579586902e-05
1.5073631214600376,0.6775284879623276,-0.03950398921018852,-0.03950805271873789,0.6105855318178787,8.018578905956082e-05,1.0000091747746276,1.0000086891798439,7.968997302271908e-05
1.5064150943396226,0.6727331563264163,-0.012355138777931271,-0.012359175618944302,0.6049419264926907,7.80267613292134e-05,1.0000091573236751,1.0000087335637675,7.768147161935048e-05
1.505468258956631,0.6667119223787603,0.014791237544524001,0.01478723430392622,0.5981110886272804,7.58185057253876e-05,1.0000091283471768,1.000008767723931,7.562767752287657e-05
1.5045226130653264,0.6593568076214743,0.04193513915603199,0.04193117644651089,0.5900006569161151,7.357015853777063e-05,1.000009087560197,1.0000087910125872,7.353728149115516e-05
1.5035781544256122,0.6505509736723223,0.06907656547856911,0.06907265020961419,0.580512364215249,7.12911481821823e-05,1.0000090347410433,1.0000088028459733,7.141919924610891e-05
1.5026348808030112,0.6401684244501588,0.09621551596165429,0.0962116550028318,0.5695422027378505,6.899120614643456e-05,1.0000089697328067,1.0000088027069638,6.928257009150468e-05
1.501692789968652,0.6280739340525321,0.12335199008671223,0.12334819024917612,0.5569808364931176,6.668037758011686e-05,1.0000088924445207,1.0000087901473358,6.713675298712524e-05
1.500751879699248,0.6141233108730357,0.15048598737163396,0.15048225538996587,0.5427143447956639,6.43690303287778e-05,1.0000088028519571,1.0000087647896339,6.499131877118911e-05
1.499812147777082,0.5981641420803496,0.17761750737536475,0.17761384988980328,0.5266253977740344,6.206786060218301e-05,1.0000087009980283,1.000008726328634,6.285603675422868e-05
1.4988735919899874,0.5800372031334547,0.20474654970246317,0.20474297324158103,0.508594982424047,5.978789271309639e-05,1.00000858699282,1.0000086745323937,6.0740853414681776e-05
1.497936210131332,0.5595787598839727,0.23187311400773045,0.23186962497161645,0.4885048116799345,5.7540469327417304e-05,1.0000084610132343,1.0000086092428937,5.865586032674504e-05
1.497,0.5366240324272985,0.2589972000007612,0.25899380464476407,0.46624055547197163,5.533722747796098e-05,1.0000083233022725,1.0000085303762718,5.661124784500408e-05
1.496064959400375,0.5110121197076691,0.2861188074504654,0.28611551186954953,0.44169602507739886,5.3190054155245295e-05,1.00000817416792,1.000008437922632,5.461724042178121e-05
1.4951310861423222,0.4825926854448558,0.31323793618944823,0.31323474630321096,0.41477841017123857,5.111101380615844e-05,1.0000080139816896,1.000008331945456,5.268400898833196e-05
1.494198378041173,0.45123465799363405,0.3403545861183693,0.3403515076567682,0.3854146040199843,4.911223869292565e-05,1.0000078431768118,1.0000082125806249,5.082155562644265e-05
1.4932668329177057,0.4150071096642656,0.3674687566773647,0.3674657951156283,0.3520509679750883,4.740238045376033e-05,1.000007663136302,1.0000080810350465,4.9241347057901445e-05
1.492336448598131,0.35475813806366024,0.3945804413238679,0.39457760131624864,0.29918303372327015,4.841363306534929e-05,1.0000074852354195,1.0000079497494654,5.042071800540152e-05
1.4914072229140725,0.2971495780802855,0.4216896469547592,0.4216869336099678,0.24890933332576012,4.964125795394975e-05,1.0000072986204875,1.000007806200411,5.177440727774057e-05
1.4904791537025515,0.2426611818098765,0.44879637380613313,0.4487937919939561,0.2015154232232502,5.107464255073736e-05,1.000007103935522,1.0000076507833084,5.329280450899961e-05
1.4895522388059703,0.19163810002801762,0.4759006222010843,0.4758981765421808,0.15719479412571977,5.2700206226173074e-05,1.000006901872582,1.0000074839556736,5.496441734814199e-05
1.4886264760720946,0.144294340087679,0.5030023925526843,0.5030000874093024,0.11605534756192962,5.4502244803111445e-05,1.0000066931680935,1.000007306233938,5.677641071163876e-05
1.487701863354037,0.1007263095385177,0.5301016853668372,0.530099524834473,0.07813027500109629,5.6463721648512206e-05,1.0000064785989284,1.0000071181899899,5.87150969226499e-05
1.4867783985102418,0.06093222282366082,0.5571985012447133,0.5571964891447269,0.04339117429018108,5.856694757594124e-05,1.0000062589782666,1.0000069204474114,6.076635321703934e-05
1.4858560794044664,0.02483358186014756,0.5842928408850334,0.5842909807582372,0.01176161627948553,6.079412320092837e-05,1.0000060351512752,1.0000067136774862,6.291595752629716e-05
1.4849349039057655,-0.007704068230900582,0.6113847050858551,0.6113830001870851,-0.016870098100104012,6.312774210328536e-05,1.0000058079905738,1.0000064985949324,6.514984418618252e-05
1.4840148698884756,-0.036852811699779636,0.638474094746196,0.6384725480398689,-0.04263973556079936,6.555086897122437e-05,1.0000055783915855,1.000006275953442,6.745428796007097e-05
1.4830959752321982,-0.06280723645901888,0.6655610108671647,0.665559625023821,-0.06569780862588151,6.80473146022801e-05,1.000005347267757,1.0000060465410503,6.981602805527529e-05
1.4821782178217822,-0.08577262514437074,0.6926454545529039,0.6926442319467417,-0.08620216373803959,7.060173131580213e-05,1.000005115545654,1.0000058111752952,7.222234452094826e-05
1.4812615955473099,-0.10595618503316107,0.7197274270110335,0.7197263697184147,-0.10431232804863458,7.31996505098575e-05,1.0000048841600195,1.0000055706982913,7.466109861556387e-05
1.480346106304079,-0.12356085272162817,0.7468069295528188,0.7468060393517475,-0.12018537294889717,7.582748054153242e-05,1.00000465404876,1.0000053259716684,7.712074710290857e-05
1.479431747992588,-0.13878116118623085,0.7738839635929888,0.7738832419635372,-0.1339730243436783,7.847247915670588e-05,1.0000044261479266,1.0000050778714416,7.959033856803393e-05
1.4785185185185183,-0.15180068736600744,0.8009585306490861,0.8009579787747624,-0.14581975919136467,8.112271102222756e-05,1.0000042013867005,1.0000048272828264,8.205949801578785e-05
1.4776064157927207,-0.16279066595964198,0.8280306323406361,0.8280302511106555,-0.15586165710300845,8.376699783295683e-05,1.0000039806824121,1.0000045750950366,8.451840444171352e-05
1.476695437731196,-0.17190943359742655,0.8551002703877695,0.8551000604002191,-0.16422581297923575,8.639486605200101e-05,1.0000037649356268,1.0000043221960855,8.695776473599302e-05
1.4757855822550832,-0.1793024425711479,0.8821674466096596,0.882167408175516,-0.1710301540286595,8.899649554337744e-05,1.0000035550253081,1.0000040694676158,8.936878627587518e-05
1.4748768472906406,-0.18510264778053062,0.9092321629224781,0.9092322960704505,-0.17638353840223805,9.156267105584486e-05,1.0000033518041087,1.0000038177798032,9.174314975998221e-05
1.473969230769231,-0.18943112389037595,0.9362944213371579,0.9362947258193216,-0.180386042219053,9.40847376294812e-05,1.0000031560937879,1.0000035679863448,9.407298328836444e-05
1.4730627306273065,-0.19239781024322067,0.9633542239566687,0.9633546992548474,-0.18312936479533054,9.655456038727987e-05,1.0000029686807952,1.0000033209195531,9.63508382590284e-05
1.472157344806392,-0.1941023129122643,0.9904115729731555,0.9904122183060152,-0.18469730135160284,9.896448879560672e-05,1.0000027903120465,1.0000030773856172,9.856966738961724e-05
1.4712530712530711,-0.19463471583321224,1.0174664706646857,1.0174672849954913,-0.18516624645700452,0.00010130732523666018,1.000002621690889,1.0000028381599968,0.00010072280495763062
1.4703499079189688,-0.19407637015828696,1.0445189193916904,1.0445199014366864,-0.18460570295415146,0.00010357629759859933,1.0000024634733191,1.0000026039830434,0.00010280394924105617
1.4694478527607364,-0.19250064226177607,1.0715689215932591,1.0715700698306196,-0.18307877874468362,0.00010576503554224704,1.000002316264432,1.0000023755558112,0.00010480714707284184
1.4685469037400367,-0.1899736096205568,1.0986164797830333,1.0986177924623335,-0.18064266034539883,0.000107867550042686,1.0000021806151376,1.000002153536114,0.00010672678033845138
1.4676470588235297,-0.18655469907630667,1.1256615965450596,1.1256630716972214,-0.17734905606356008,0.0001098782158550433,1.0000020570191805,1.0000019385348424,0.0001085575542822529
1.4667483159828538,-0.1822972658824456,1.1527042745292706,1.1527059099769217,-0.17324460488926702,0.00011179175653933017,1.0000019459104255,1.0000017311125424,0.00011029448743186329
1.4658506731946146,-0.1772491142458874,1.1797445164469147,1.179746309815117,-0.16837124917539503,0.0001136032317237145,1.0000018476604862,1.0000015317763045,0.00011193290298589913
1.4649541284403667,-0.17145296158605466,1.2067823250657477,1.206784273793031,-0.16276657072649353,0.00011530802632273476,1.00000176257666,1.0000013409769508,0.00011346842150303697
1.4640586797066013,-0.1649468495350611,1.2338177032051125,1.2338198045547661,-0.15646409073115108,0.00011690184144752111,1.0000016909002092,1.0000011591065485,0.00011489695475576966
1.4631643249847281,-0.15776450495436575,1.260850653730955,1.2608529048025174,-0.14949353448920402,0.0001183806867910481,1.0000016328049746,1.0000009864962551,0.00011621470061651624
1.4622710622710622,-0.14993565447298765,1.2878811795507186,1.2878835772916093,-0.1418810622910186,0.0001197408743026963,1.0000015883963533,1.000000823414517,0.00011741813887688094
1.461378889566809,-0.141486295837272,1.3149092836081433,1.314911824825387,-0.13364946781966777,0.00012097901298703115,1.0000015577106158,1.0000006700656154,0.00011850402789948509
1.4604878048780487,-0.1312731758357907,1.341934965243051,1.3419376464898158,-0.12369370662471475,0.00012315446553444798,1.0000015463572902,1.0000005329973676,0.00012053367948028998
1.4595978062157222,-0.11930133568094328,1.3689582263020394,1.3689610439842943,-0.1120244404173196,0.00012662469329407304,1.000001556159158,1.000000414469041,0.00012386488086705354
1.4587088915956152,-0.10727891493754868,1.3959790746840153,1.3959820252738226,-0.1002926316454323,0.0001299725221439534,1.000001579435656,1.0000003059582054,0.00012707800444082448
1.4578210590383445,-0.0952069308922546,1.4229975134350705,1.4230005933105698,-0.08849960996792461,0.00013319501605242226,1.0000016159432117,1.000000207400404,0.00013017023527238356
1.456934306569343,-0.0830866400268966,1.450013545611279,1.4500167510680788,-0.07664688388482724,0.00013628940902313776,1.0000016653713295,1.0000001186654468,0.00013313891682305767
1.456048632218845,-0.07091947977431741,1.4770271742737395,1.477030501536086,-0.06473609165891774,0.00013925310797214863,1.000001727344039,1.0000000395581614,0.00013598155387027584
1.4551640340218712,-0.05870702154370998,1.5040384024836784,1.5040418477153543,-0.052768961647729526,0.00014208369525402852,1.0000018014216867,0.9999999698194943,0.00013869581510361016
1.4542805100182148,-0.04645093219529944,1.5310472332978864,1.5310507926127965,-0.04074727962331087,0.00014477893083492707,1.00000188710305,0.9999999091279761,0.00014127953538641035
1.453398058252427,-0.034152942226253195,1.5580536697640666,1.5580573392364654,-0.02867286165079278,0.00014733675410977365,1.0000019838277752,0.9999998571015218,0.00014373071768520283
1.4525166767738025,-0.021814819329903187,1.5850577149165463,1.5850614905908704,-0.016547531428443476,0.00014975528539009128,1.0000020909790999,0.9999998132995708,0.00014604753468893306
1.4516363636363636,-0.009438346172446757,1.6120593717722014,1.6120632496724667,-0.0043731011074805625,0.00015203282704875963,1.0000022078868767,0.9999997772255452,0.00014822833010432363
1.4507571168988491,0.0029746984265300387,1.6390586433264769,1.639062619465209,0.007848645080613538,0.00015416786434478555,1.000002333830882,0.99999974832963,0.00015027161965446362
1.4498789346246972,0.015422555675865663,1.666055532549786,1.6660596029364505,0.02011596504798486,0.00015615906592781316,1.00000246804433,0.9999997260118162,0.00015217609177937735
1.4490018148820327,0.027903500822547056,1.6930500423841315,1.6930542030330378,0.032427171307822134,0.0001580052840306707,1.000002609717675,0.9999997096252463,0.00015394060803982255
1.4481257557436518,0.04041585557474395,1.7200421757400122,1.720046422677662,0.044780642188138015,0.00015970555436491357,1.0000027580025996,0.9999996984798125,0.0001555642032476313
1.447250755287009,0.05295799916781216,1.7470319354935784,1.7470362647654432,0.05717483197663258,0.00016125909571907914,1.0000029120162086,0.9999996918459829,0.0001570460853186607
1.4463768115942028,0.06552837848187106,1.7740193244842093,1.7740237321609125,0.0696082803689864,0.0001626653092749615,1.0000030708453795,0.9999996889588523,0.00015838563486112166
1.4455039227519613,0.07812551745970257,1.801004345512249,1.8010088276951421,0.08207962143658212,0.00016392377764967863,1.0000032335512843,0.9999996890223911,0.0001595824045110912
1.4446320868516282,0.09074802602833383,1.8279870013372341,1.8279915541633538,0.09458759230135229,0.00016503426367001908,1.0000033991740158,0.9999996912138532,0.00016063611801618536
1.44376130198915,0.10339460871982552,1.854967294676344,1.8549719143227426,0.10713104168496686,0.00016599670889722474,1.0000035667373315,0.9999996946883509,0.00016154666908833147
1.44289156626506,0.11606407321142463,1.8819452282032654,1.8819499108907112,0.11970893854943764,0.00016681123189663219,1.0000037352534705,0.9999996985835424,0.00016231412001935976
1.442022877784467,0.12875533885263718,1.9089208045473396,1.9089255465433854,0.1323203808905123,0.0001674781262802141,1.0000039037280108,0.9999997020244181,0.00016293870008488314
1.4411552346570398,0.14146744550547807,1.9358940262930735,1.935898823914497,0.14496460499874472,0.0001679978585224032,1.0000040711647735,0.9999997041281695,0.00016342080373853637
1.4402886349969932,0.15419956258887385,1.9628648959800976,1.962869745594719,0.15764099508214632,0.00016837106555319856,1.000004236570717,0.9999997040091035,0.00016376098859775313
1.439423076923077,0.16695099869829788,1.9898334161032947,1.9898383141311857,0.17034909362936695,0.00016859855216115903,1.0000043989608074,0.9999997007835678,0.00016395997325537647
1.4385585585585583,0.17972121181779704,2.0167995891134485,2.0168045320275367,0.18308861253916506,0.00016868128819060442,1.0000045573628498,0.9999996935748974,0.00016401863489783774
1.4376950780312125,0.19250982029421107,2.0437634174180905,2.043768401744186,0.1958594451756739,0.00016862040556474286,1.0000047108222363,0.999999681518307,0.00016393800676246749
1.436832633473305,0.20531661474109336,2.0707249033828115,2.0707299256990686,0.2086616795530398,0.00016841719513148058,1.0000048584066081,0.9999996637657406,0.0001637192754329361
1.4359712230215826,0.21814157102343681,2.0976840493327393,2.09768910626858,0.22149561280662702,0.00016807310335752463,1.0000049992103903,0.9999996394906433,0.00016336377799080476
1.4351108448172558,0.23098486449003588,2.1246408575545397,2.1246459457890583,0.23436176713767526,0.00016758972886901177,1.0000051323591819,0.9999996078926241,0.00016287299902606353
1.434251497005988,0.24384688564053406,2.1515953302985085,2.1516004465583953,0.24726090743454607,0.0001669688188575665,1.0000052570139903,0.9999995682019831,0.00016224856752585979
1.4333931777378814,0.2567282574971033,2.178547469781101,2.1785526108381075,0.2601940608841282,0.00016621226536516837,1.0000053723752733,0.9999995196841039,0.0001614922536483859
1.4325358851674643,0.26962985481034946,2.2054972781877042,2.205502440855685,0.2731625387183658,0.0001653221014529733,1.0000054776867684,0.9999994616436498,0.0001606059653928651
1.431679617453676,0.28255282548679844,2.232444757675576,2.2324499388071493,0.28616796054399996,0.00016430049727932588,1.0000055722391097,0.99999939342858,0.0001595917451849644
1.4308243727598569,0.2954986144540123,2.2593899103772266,2.25939510686008,0.29921228148509044,0.00016314975608094505,1.000005655373193,0.9999993144339362,0.0001584517663755864
1.4299701492537313,0.3084689903111855,2.2863327384037997,2.286337947156689,0.3122978225769169,0.0001618723100903909,1.0000057264832787,0.9999992241054005,0.00015718832968339487
1.4291169451073986,0.31831037552886476,2.3132732397095883,2.313278457693286,0.3221384161606094,0.00016201841567180665,1.0000057943039138,0.9999991324307463,0.0001573507643075661
1.4282647584973165,0.3270555977321722,2.340211419515513,2.3402166437184486,0.33085525256462633,0.00016245357957774044,1.0000058516010701,0.9999990313352256,0.0001578047926810596
1.4274135876042908,0.33552941077690024,2.3671472810365444,2.367152508462993,0.33930819943480595,0.00016275670440993876,1.0000058954130489,0.9999989175727254,0.00015812934630698771
1.4265634306134605,0.34372647422805663,2.394080826337502,2.394086054004985,0.3474917286378173,0.00016293030377949512,1.0000059253718878,0.9999987908199368,0.00015832677385833007
1.4257142857142857,0.3516407341750527,2.4210120574820078,2.4210172824163942,0.3553995801601679,0.00016297704426089445,1.0000059411740563,0.9999986508177483,0.0001583995748298758
1.4248661511005354,0.35926544288419016,2.447940976536837,2.4479461957673925,0.36302477958084683,0.00016289974245791022,1.0000059425817358,0.9999984973730407,0.00015835039718042237
1.4240190249702736,0.3665931743488363,2.4748675855764244,2.4748727961308568,0.3703596512591061,0.00016270136213259652,1.0000059294237311,0.9999983303601276,0.00015818203504054396
1.4231729055258466,0.37361583608220333,2.501791886687423,2.5017970855869742,0.3773958276045947,0.0001623850113625481,1.0000059015960938,0.9999981497218866,0.0001578974264579129
1.4223277909738719,0.3803246780944203,2.528713881973144,2.528719066227763,0.38412425533654665,0.0001619539397505345,1.0000058590623624,0.9999979554705197,0.00015749965119682112
1.4214836795252226,0.3867102996427716,2.5556335735582887,2.555638740161942,0.3905351993439506,0.0001614115356901479,1.0000058018534839,0.9999977476879653,0.00015699192860216108
1.4206405693950177,0.39276265433880014,2.5825509635932833,2.5825561095194396,0.39661824469084267,0.00016076132367344597,1.0000057300673995,0.9999975265259835,0.00015637761551241572
1.419798458802608,0.3984710543984604,2.609466054258905,2.609471176456241,0.4023622975786154,0.00016000696165365474,1.000005643868286,0.9999972922058564,0.0001556602042329095
1.418957345971564,0.403824174519502,2.636378847770559,2.6363839431589216,0.40775558573384224,0.00015915223845547723,1.0000055434854678,0.9999970450177648,0.00015484332056731355
1.4181172291296624,0.40881005626250005,2.6632893463826903,2.6632944118493636,0.41278565910876286,0.00015820107122209776,1.0000054292120153,0.999996785319804,0.00015393072189307284
1.4172781065088758,0.4134161135351347,2.6901975523928816,2.6902025847891924,0.4174393914916068,0.00015715750290117196,1.0000053014030144,0.9999965135366669,0.0001529262952867016
1.4164399763453577,0.41762914008274116,2.717103468145961,2.717108464284261,0.4217029839626675,0.00015602569974975048,1.0000051604735398,0.9999962301579872,0.00015183405567657633
1.4156028368794324,0.4214353198769684,2.744007096037822,2.7440120526888783,0.425561971095268,0.00015480994884331233,1.00000500689633,0.9999959357363631,0.00015065814401501247
1.4147666863555817,0.42482024132898005,2.770908438519183,2.7709133524100125,0.42900123087478464,0.00015351465556930836,1.0000048411991806,0.9999956308850605,0.00014940282544443004
1.413931523022432,0.4277689164957544,2.7978074980990084,2.7978123659111853,0.4320049995516557,0.00015214434107445823,1.0000046639620743,0.9999953162754157,0.0001480724874329399
1.4130973451327433,0.43026580646759827,2.8247042773478337,2.824709095716295,0.43455689267518627,0.00015070363963469444,1.0000044758140465,0.9999949926339489,0.00014667163784592215
1.412264150943396,0.432294854313756,2.8515987789008097,2.8516035444131815,0.43663993378244825,0.00014919729589433088,1.000004277429834,0.9999946607392015,0.00014520490290298481
1.41143193871538,0.43383952712182117,2.8784910054604222,2.8784957146568986,0.43823659237940593,0.00014763016194320146,1.000004069526293,0.9999943214183153,0.00014367702498614888
1.4106007067137811,0.434882868681288,2.90538095979909,2.905385609172864,0.4393288329073568,0.00014600719413644344,1.0000038528586244,0.999993975543372,0.000142092860206943
1.4097704532077693,0.43540756488867666,2.932268644761286,2.932273230759569,0.4398981769381485,0.0001443334496147596,1.0000036282164109,0.9999936240275019,0.0001404573756870405
1.4089411764705884,0.43539602355235124,2.959154063265599,2.9591585822912236,0.4399257804939794,0.00014261408241094688,1.000003396419519,0.9999932678208057,0.00013877564643595498
1.4081128747795413,0.43483047100126043,2.9860372183062713,2.986041666719893,0.43939252913595794,0.00014085433905335214,1.0000031583138345,0.9999929079060756,0.0001370528517332103
1.4072855464159812,0.4336930676142045,3.0129181129545937,3.012922487077498,0.4382791532423454,0.0001390595535419104,1.000002914766912,0.9999925452943699,0.00013529427088533773
1.4064591896652967,0.4319660446807303,3.0397967503598573,3.0398010464773706,0.4365663662251714,0.00013723514156191094,1.0000026666635156,0.9999921810204417,0.00013350527821556676
1.4056338028169013,0.4296318650138189,3.0666731337500694,3.066677348115575,0.43423502850977574,0.00013538659377996604,1.0000024149010989,0.9999918161380581,0.00013169133712086472
1.404809384164223,0.42667340966495104,3.0935472664323034,3.093551395271852,0.4312663400609404,0.00013351946804971194,1.0000021603852352,0.9999914517152193,0.00012985799301043548
1.4039859320046895,0.4230741929869732,3.120419151792717,3.1204231913102314,0.4276420642055244,0.00013163938034372658,1.000001904025035,0.9999910888293201,0.00012801086492524554
1.4031634446397188,0.4188186081170432,3.1472887932962834,3.1472927396793366,0.42334478533014963,0.00012975199419768595,1.0000016467285564,0.9999907285622591,0.0001261556356066548
1.4023419203747072,0.4138922043634612,3.1741561944861205,3.174160043912277,0.4183582024937442,0.00012786300845110085,1.0000013893982516,0.9999903719955382,0.00012429803977149635
1.401521357519017,0.40828199761317163,3.20102135898257,3.2010251076262723,0.41266746060911325,0.00012597814306346334,1.0000011329264482,0.9999900202053537,0.0001224438503431848
1.400701754385965,0.4019768138087651,3.2278842904819056,3.2278879345218794,0.40625951974086016,0.00012410312275268023,1.000000878190919,0.9999896742577321,0.00012059886235242348
1.3998831092928112,0.39420334350020125,3.2547449924166587,3.2547485281013677,0.39832913808371156,0.00012246958864140092,1.00000062746915,0.9999893367758708,0.00011899459057059665
1.3990654205607476,0.38123293754401705,3.281603467017455,3.28160689091805,0.38500153371260465,0.00012222117960778684,1.0000003886603739,0.999989016610853,0.00011877396503984808
1.3982486865148862,0.3677479193741773,3.308459720284995,3.308463028667609,0.3711442584649158,0.00012201465133440032,1.000000154036263,0.9999887053029062,0.00011859535979877346
1.3974329054842471,0.3537847361371992,3.335313756200489,3.3353169453700504,0.3567947225231247,0.0001218560756160251,0.9999999243699431,0.9999884038258771,0.00011846500540523366
1.3966180758017492,0.3393845892491182,3.362165578810221,3.3621686451200126,0.3419954355311272,0.00012175121307797704,0.9999997003995823,0.9999881131203278,0.00011838882646264388
1.3958041958041956,0.32459327824299433,3.3890151922224216,3.38901813208397,0.3267938484248938,0.00012170546530382733,0.9999994828248653,0.9999878340893585,0.00011837239061040975
1.3949912638322652,0.3094609421944898,3.415862600604113,3.4158654104973647,0.31124208246448587,0.00012172382805826048,0.9999992723036661,0.9999875675946072,0.0001184208584512557
1.3941792782305007,0.2940416977907443,3.4427078081776563,3.4427104846613945,0.295396543965048,0.00012181084668915728,0.9999990694489618,0.9999873144524561,0.00011853893558673994
1.3933682373472949,0.27839317650617673,3.4695508192169933,3.469553358939455,0.2793174271047692,0.00012197057481488119,0.999998874825985,0.9999870754304725,0.00011873082798159518
1.3925581395348836,0.2625759680488301,3.496391638043876,3.4963940377535208,0.26306811255451246,0.00012220653736886713,0.9999986889496477,0.9999868512440837,0.00011900020184170195
1.3917489831493317,0.2466529820204283,3.5232302690237547,3.5232325255801333,0.24671447511446132,0.0001225216990383395,0.9999985122822327,0.9999866425535232,0.00011935014915112248
1.3909407665505225,0.23068874324226046,3.5500667165616675,3.550068826946352,0.23032411764000718,0.00012291843897292853,0.9999983452313782,0.9999864499610407,0.00011978315985449847
1.3901334881021474,0.21474864034056904,3.5769009850978706,3.5769029464253808,0.2139655532397948,0.00012339853251179617,0.9999981881483399,0.999986274008399,0.00012030110151573428
1.3893271461716936,0.19889814946289522,3.603733079103483,3.603734888632172,0.19770736033628228,0.0001239631404229131,0.9999980413265781,0.9999861151746786,0.0001209052070218796
1.3885217391304348,0.18320205624167046,3.6305630030759386,3.6305646582187765,0.18161733663486362,0.00012461280594233074,0.9999979050006418,0.999985973874384,0.00012159607065605625
1.3877172653534182,0.16772369955424787,3.6573907615344186,3.6573922598696287,0.16576167843815914,0.0001253474596351249,0.9999977793453622,0.999985850455867,0.00012237365257526718
1.3869137232194557,0.15252425908671058,3.6842163590153283,3.6842176982968216,0.15020420994730713,0.0001261664318344502,0.9999976644753841,0.99998574520008,0.00012323729143964672
1.386111111111111,0.13766210654293004,3.7110398000675873,3.711040978235144,0.13500568462008947,0.00012706847219817066,0.9999975604449909,0.9999856583196532,0.00012418572468183864
1.3853094274146907,0.1231922368715948,3.737861089248102,3.7378621044372506,0.1202231765979377,0.00012805177569162629,0.999997467248272,0.9999855899583104,0.00012521711567406826
1.3845086705202312,0.10916579176890359,3.7646802311171177,3.7646810816686616,0.10590957548787497,0.0001291140141637725,0.9999973848195901,0.9999855401906121,0.0001263290868636696
1.3837088388214904,0.09562968332616305,3.7914972302337753,3.791497914702916,0.09211319270197602,0.00013025237253581025,0.999997313034377,0.9999855090220461,0.00012751875782158472
1.3829099307159354,0.08262632115044542,3.818312091151568,3.818312608316581,0.07887748239897499,0.00013146358857345068,0.99999725171023,0.9999854963894399,0.0001287827870668737
1.3821119446047316,0.07019344202572611,3.8451248184140923,3.845125167284505,0.06624087525524086,0.00013274399518381199,0.9999972006083131,0.9999855021617116,0.00013011741652732258
1.3813148788927339,0.058364037379614896,3.8719354165507203,3.871935596374954,0.054236719123807925,0.00013408956421713178,0.9999971594350593,0.9999855261409483,0.00013151851752193512
1.3805187319884726,0.04716637096214299,3.898743890072608,3.898743900345034,0.042893317397995526,0.0001354959507987117,0.9999971278441491,0.9999855680637973,0.00013298163722180688
1.3797235023041474,0.03662407636684484,3.92555024346866,3.9255500839360358,0.03223405304320951,0.00013695853733769602,0.9999971054387723,0.9999856276031756,0.00013450204467887333
1.378929188255613,0.02675632316609332,3.9523544812018763,3.9523541518691228,0.02227758536905111,0.00013847247645148552,0.999997091774147,0.9999857043702779,0.0001360747756078689
1.3781357882623706,0.017578038969527844,3.9791566077057263,3.979156108841007,0.013038105194661394,0.00014003273219730352,0.9999970863602887,0.9999857979168826,0.00013769467529007207
1.377343300747556,0.009100175168527451,4.005956627380836,4.005955959519913,0.004525634703498965,0.00014163411911281777,0.9999970886650152,0.9999859077379246,0.0001393564390791239
1.376551724137931,0.0013300043286740202,4.032754544591902,4.032753708541732,-0.003253641322835293,0.00014327133871449172,0.9999970981171639,0.9999860332743492,0.00014105465015279282
1.3757610568638714,-0.005728561887073331,4.05955036366478,4.059549360506331,-0.010297025010550732,0.00014493901320852413,0.999997114110017,0.9999861739161997,0.00014278381427060497
1.374971297359357,-0.01207464412477037,4.086344088883921,4.086342919974178,-0.01660494631156601,0.00014663171628856688,0.9999971360049025,0.9999863290059535,0.0001445383914212321
1.3741824440619619,-0.01771006468575534,4.113135724490013,4.113134391463165,-0.02218060447506334,0.00014834400097969735,0.9999971631349601,0.9999864978420637,0.00014631282433574656
1.3733944954128439,-0.022639021789116445,4.139925274677972,4.139923779445747,-0.02702961739563426,0.00015007042456745439,0.9999971948090524,0.9999866796827033,0.00014810156392746217
1.3726074498567333,-0.026867774682083033,4.1667127435951254,4.166711088346285,-0.031159684920726908,0.00015180557070623612,0.9999972303157947,0.999986873749686,0.00014989909177030394
1.3718213058419244,-0.03040434373224764,4.193498135339821,4.193496322538781,-0.03458027028406968,0.00015354406886324449,0.9999972689276933,0.99998707923255,0.00015169993979677888
1.3710360618202633,-0.03310148792106175,4.220281453915371,4.22027948669151,-0.03712341041215142,0.00015598385910637577,0.9999973134328587,0.9999872991710437,0.00015420218854143616
1.3702517162471395,-0.0349504119801848,4.247062703391235,4.2470605851599625,-0.0387849756858068,0.00015912043353199257,0.9999973629999723,0.9999875326104286,0.00015740122625630703
1.369468267581475,-0.03612853099811144,4.273841887780373,4.273839621836803,-0.03976724359105266,0.00016224572192306903,0.9999974133227254,0.999987774760059,0.00016058867465944412
1.3686857142857143,-0.03666526135907158,4.300619010974711,4.300616600875053,-0.04010115686769487,0.00016535478633610679,0.9999974636515468,0.9999880247237938,0.00016375953158347166
1.367904054825814,-0.03658888090650258,4.3273940768145405,4.327391526370379,-0.03981636945430873,0.00016844280062224085,0.9999975132424072,0.9999882815954678,0.00016690890865950575
1.367123287671233,-0.03592651521008888,4.354167089088868,4.354164402360599,-0.03894124716765289,0.00017150504974384754,0.9999975613610941,0.9999885444634541,0.00017003203047066457
1.3663434112949229,-0.03470413909402183,4.380938051536271,4.380935232825727,-0.037502882679658976,0.00017453692889645177,0.9999976072874234,0.9999888124152279,0.00017312423357182866
1.3655644241733182,-0.03294659014307685,4.407706967845811,4.407704021688083,-0.03552712145847183,0.00017753394250755053,0.9999976503193866,0.9999890845419124,0.0001761809654414705
1.3647863247863248,-0.03067759153294026,4.43447384165847,4.434470772812951,-0.03303859602155964,0.00018049170320514826,0.9999976897771882,0.9999893599427698,0.00017919778344190073
1.364009111617312,-0.02791978213348306,4.461238676568715,4.461235490009399,-0.030060766447807377,0.00018340593082070538,0.9999977250071657,0.9999896377296297,0.00018217035385332538
1.363232783153102,-0.024694752095154923,4.488001476126434,4.487998177031505,-0.026615965411918775,0.00018627245143987902,0.9999977553855668,0.9999899170312256,0.00018509445098433173
1.3624573378839586,-0.021023082199738048,4.514762243839121,4.514758837579857,-0.022725446079080485,0.00018908719656672346,0.9999977803221669,0.9999901969974154,0.00018796595641851923
1.3616827743035818,-0.016924386003155104,4.541520983174291,4.541517475303324,-0.01840943192942658,0.00019184620241544372,0.9999977992637139,0.9999904768032729,0.0001907808584054957
1.3609090909090908,-0.012417353641338204,4.568277697562217,4.568274093801195,-0.013687167469094803,0.00019454560933853245,0.9999978116971557,0.999990755653017,0.00019353525140264718
1.360136286201022,-0.007519796525161082,4.595032390398751,4.595028696625443,-0.00857696910858017,0.00019718166141724275,0.9999978171526811,0.9999910327837735,0.00019622533578522884
1.3593643586833144,-0.0022486922954357484,4.621785065048563,4.621781287283448,-0.003096275641687745,0.00019975070620860625,0.9999978152065034,0.9999913074691432,0.00019884741772013
1.358593306863301,0.003379770445703881,4.648535724848347,4.6485318692407445,0.0027383020847418075,0.00020224919466425013,0.9999978054834208,0.9999915790225524,0.00020139790920952033
1.3578231292517007,0.009350148011431879,4.675284373110439,4.675280445924217,0.008910932647685455,0.00020467368120508415,0.9999977876591025,0.9999918468003869,0.00020387332829174324
1.357053824362606,0.01564769845244095,4.702031013126374,4.702027020725314,0.015406516949135215,0.00020702082396628722,0.999997761462113,0.9999921102048733,0.00020627029940648833
1.3562853907134769,0.0222583394173052,4.728775648170771,4.728771597003607,0.022210642577000242,0.00020928738519587978,0.999997726675658,0.9999923686867108,0.00020858555390882244
1.3555178268251273,0.029168607346762784,4.755518281505174,4.755514178090394,0.02930953988692434,0.0002114702318036591,0.9999976831390317,0.9999926217474276,0.00021081593072623425
1.3547511312217193,0.03636561795577933,4.782258916382162,4.78225476729261,0.03669003970609329,0.0002135663360547603,0.9999976307487732,0.9999928689414599,0.00021295837715030707
1.353985302430752,0.04383702820273606,4.808997556049333,4.80899336789668,0.04433953282392491,0.00021557277640406385,0.9999975694595159,0.9999931098779398,0.0002150099497597139
1.3532203389830506,0.051570999572856865,4.835734203753539,4.835729983172671,0.05224593106075069,0.000217486738445932,0.9999974992845315,0.99999334422218,0.00021696781545053542
1.3524562394127613,0.059556162885501286,4.862468862745052,4.862464616378441,0.060397630093293596,0.00021930551599791612,0.9999974202959587,0.9999935716968547,0.00021882925258355393
1.3516930022573364,0.06778158443205037,4.889201536281709,4.889197270763825,0.06878347381464114,0.0002210265122781426,0.9999973326247233,0.99999379208287,0.00022059165221975546
1.3509306260575296,0.07623673346943904,4.915932227633163,4.9159279495749875,0.0773927202295116,0.00022264724119194586,0.99999723646014,0.9999940052199128,0.00022225251944855948
1.3501691093573844,0.08491145099711501,4.942660940084927,4.9426566560586185,0.08621500878861516,0.00022416532870061793,0.9999971320492108,0.9999942110066894,0.0002238094747892866
1.3494084507042254,0.09379591974329657,4.969387676942572,4.969383393466348,0.09524032907004217,0.00022557851427643157,0.9999970196956068,0.9999944094008378,0.00022526025566402591
1.3486486486486486,0.1028806353049539,4.996112441535643,4.9961081650589385,0.10445899073117983,0.00022688465242262702,0.9999968997583574,0.9999946004185305,0.0002266027179260889
1.347889701744513,0.11215637832760714,5.022835237221625,5.022830974110575,0.11386159460380837,0.00022808171425445673,0.999996772650232,0.9999947841337508,0.0002278348374374087
1.3471316085489313,0.12161418763134822,5.049556067389687,5.0495518239129895,0.12343900482505031,0.00022916778913407282,0.9999966388358472,0.9999949606772762,0.00022895471168650366
1.34637436762226,0.13124533426021645,5.076274935464324,5.076270717779544,0.13318232196215005,0.00023014108634387696,0.9999964988294826,0.9999951302353381,0.00022996056143777526
1.3456179775280899,0.14104129623560677,5.102991844908898,5.102987659049246,0.14308285691535488,0.00023099993679792053,0.99999635319263,0.9999952930479945,0.00023085073240426446
1.3448624368332398,0.15099373407413255,5.129706799228839,5.1297026510904935,0.1531321056266544,0.00023174279477142996,0.9999962025312994,0.9999954494072122,0.00023162369693338766
1.344107744107744,0.16109446679432995,5.156419801974859,5.156415697304862,0.16332172433451303,0.00023236823965271574,0.9999960474930678,0.9999955996546745,0.00023227805570104197
1.3433538979248456,0.1706188678742957,5.18313085766742,5.183126802847669,0.17291833533835668,0.0002338472746011708,0.9999958927522881,0.9999957486414447,0.00023378489820627854
1.3426008968609866,0.1800724114196962,5.209839969232094,5.209835969813845,0.18243400944994065,0.00023536575547457327,0.9999957356568441,0.9999958930326601,0.0002353299820112035
1.341848739495798,0.18955894465873563,5.236547140220064,5.236543201439968,0.19197396187314683,0.00023676001614450384,0.9999955762934034,0.9999960325589697,0.00023674965608343776
1.3410974244120941,0.19906923732314968,5.263252374387908,5.263248501290885,0.20152893201090422,0.00023802876127287348,0.9999954154449642,0.9999961677370842,0.00023804266041268843
1.340346950195859,0.20859400164966108,5.28995567554942,5.2899518729800405,0.21108959792077123,0.00023917082887010046,0.999995253918271,0.9999962991187065,0.0002392078725243785
1.3395973154362415,0.21812386287180704,5.316657047577153,5.316653320171817,0.22064654702840217,0.00024018519406702904,0.9999950925397563,0.9999964272869453,0.0002402443112058207
1.338848518725545,0.22764933013227906,5.343356494403716,5.343352846583649,0.23019024727197096,0.00024107097295199688,0.9999949321513628,0.9999965528525673,0.00024115114028983194
1.3381005586592176,0.23716076729474436,5.370054020022814,5.370050455987906,0.23971101815443588,0.00024182742644709786,0.9999947736062766,0.999996676450091,0.000241927672472725
1.337353433835846,0.24664836382032132,5.396749628489913,5.396746152213409,0.2491990018825539,0.0002424539642634301,0.9999946177645815,0.9999967987337585,0.00024257337320159945
1.3366071428571427,0.2561021054706767,5.423443323922632,5.423439939146693,0.2586441343508215,0.00024295014890173385,0.9999944654888658,0.9999969203733914,0.00024308786460358855
1.3358616843279418,0.2655117445922693,5.450135110500835,5.450131820732977,0.2680361157425562,0.00024331569972680503,0.9999943176397982,0.9999970420501701,0.00024347092948291425
1.3351170568561872,0.27486676995535975,5.476824992466362,5.476821800976778,0.27736438071398706,0.00024355049711071588,0.9999941750716901,0.9999971644523333,0.00024372251538367916
1.334373259052925,0.2841563759903299,5.503512974122496,5.503509883942249,0.286618068038486,0.0002436545866538377,0.9999940386280834,0.9999972882708468,0.00024384273872332521
1.333630289532294,0.29336943128559384,5.53019905983308,5.530196073753193,0.29578598954621965,0.0002436281834878136,0.9999939091373672,0.9999974141950457,0.00024383188900920717
1.3328881469115192,0.30249444624975075,5.556883254021377,5.556880374592777,0.3048565983215434,0.000243471676674651,0.9999937874084616,0.9999975429082831,0.0002436904331444199
1.332146829810901,0.311519539857746,5.583565561168523,5.5835627907028575,0.3138179560481448,0.00024318563370592244,0.9999936742265774,0.9999976750836005,0.00024341901983366247
1.3314063368538076,0.32043240535824397,5.610245985811831,5.610243326383125,0.32265769942121897,0.00024277080511795303,0.999993570349082,0.9999978113794437,0.0002430184841021381
1.3306666666666669,0.3292202748999423,5.636924532542628,5.636921985989763,0.3313630055934421,0.00024222812923275152,0.9999934765014907,0.9999979524354562,0.00024248985193697214
1.3299278178789562,0.33786988302035204,5.663601206003971,5.663598773933974,0.3399205566176866,0.00024155873704147555,0.9999933933736045,0.9999980988683587,0.00024183434507089521
1.3291897891231963,0.34636742893049177,5.690276010888029,5.690273694680132,0.34831650284413473,0.0002407639572400972,0.9999933216158046,0.9999982512679396,0.0002410533859121446
1.3284525790349417,0.3546985376469115,5.716948951933146,5.716946752743597,0.3565364253528381,0.00023984532144095925,0.9999932618355429,0.9999984101931889,0.00024014860265170757
1.3277161862527715,0.36284821991597227,5.743620033920788,5.743617952688376,0.36456529738967147,0.0002388045695750267,0.9999932145940227,0.999998576168575,0.00023912183455374988
1.3269806094182828,0.3708008310960892,5.770289261672124,5.770287299124376,0.37238744500537346,0.00023764365549854835,0.9999931804031116,0.9999987496805071,0.00023797513744547446
1.3262458471760796,0.37854002899453093,5.796956640044505,5.796954796704528,0.37998650694777886,0.0002363647528345276,0.9999931597224726,0.9999989311739773,0.0002367107894395237
1.3255118981737686,0.3860487309277041,5.823622173927675,5.823620450121586,0.3873453940923461,0.00023497026106092132,0.9999931529569639,0.9999991210494299,0.0002353312968892822
1.3247787610619468,0.3933090701765626,5.850285868239863,5.850284264104784,0.39444624865250844,0.00023346281186578807,0.9999931604542838,0.9999993196598368,0.0002338394006036124
1.324046434494196,0.40030235219706545,5.876947727923605,5.876946243416146,0.40127040357748855,0.00023184527579907374,0.9999931825029088,0.9999995273080375,0.00023223808234506784
1.3233149171270715,0.40700901101283105,5.903607757941609,5.903606392846821,0.40779834261801107,0.00023012076922581876,0.9999932193303042,0.9999997442443178,0.0002305305716107622
1.3225842076200995,0.41340856635195194,5.930265963272272,5.9302647172129905,0.41400966169216474,0.00022829266161222548,0.9999932711014395,0.99999997066427,0.00022872035272422932
1.3218543046357616,0.41947958223247017,5.9569223489053345,5.95692122135189,0.41988303232849566,0.00022636458314943657,0.9999933379176055,1.0000002067069247,0.0002268111722378319
1.3211252068394925,0.4251996278674166,5.983576919837256,5.983575910117468,0.42539616813342673,0.00022434043272729086,0.999993419815543,1.0000004524531894,0.00022480704665443305
1.320396912899669,0.430545242064554,6.010229681066658,6.010228788376076,0.4305257955317639,0.0002222243862633217,0.9999935167668853,1.0000007079245672,0.00022271227045747916
1.3196694214876035,0.435491902369469,6.03688063758972,6.036879861002059,0.4352476301270916,0.00022002090538112163,0.9999936286779233,1.0000009730822041,0.0002205314244458865
1.318942731277533,0.44001400074011887,6.063529794395474,6.063529132873167,0.4395363605438294,0.00021773474641636714,0.9999937553896887,1.000001247826234,0.00021826938433346037
1.3182168409466153,0.44408482762903706,6.090177156461276,6.0901766088661065,0.4433656417151431,0.00021537096972888028,0.9999938966783654,1.0000015319954556,0.00021593132958016035
1.3174917491749174,0.44726966867921303,6.116822729023142,6.1168222942874415,0.4463031800093542,0.000213115476515144,0.9999940530481436,1.000001826279121,0.00021370346576680643
1.3167674546454093,0.4484201972511688,6.143466517748334,6.1434661951464005,0.44720817445374533,0.00021145486049461447,0.9999942262570823,1.0000021328252584,0.0002120731255430311
1.3160439560439559,0.44897869736575446,6.170108526536742,6.1701083146806734,0.44751757307393397,0.00020973339280757163,0.999994412986358,1.00000244794731,0.0002103840986674858
1.315321252059308,0.4489182140580542,6.196748760270058,6.196748657713096,0.447205407276464,0.00020795817584897221,0.9999946127638566,1.0000027712426558,0.00020864360342887027
1.3145993413830956,0.4482117024197428,6.223387223795979,6.2233872290426895,0.4462457522058071,0.00020613672021668452,0.9999948250593056,1.0000031022504166,0.00020685925863757
1.313878222709819,0.4468322460313475,6.250023921924211,6.2500240334404085,0.444612956286279,0.00020427694989111778,0.9999950492865265,1.0000034404530347,0.0002050390870312336
1.3131578947368419,0.44475331807277113,6.276658859422558,6.276659075644911,0.4422819127388425,0.0002023872051352552,0.9999952848059686,1.0000037852781514,0.00020319151618962934
1.3124383561643835,0.44194908965474133,6.303292041013139,6.3032923603584265,0.43922837706237966,0.00020047624250621758,0.9999955309275106,1.000004136100788,0.00020132537633926512
1.3117196056955094,0.4383947894821281,6.329923471368967,6.329923892242931,0.435429333890262,0.00019855323132083374,0.9999957869135166,1.0000044922458067,0.00019944989439494936
1.3110016420361248,0.4340671178493284,6.356553155110528,6.356553675916269,0.43086341538732614,0.000196627745785921,0.9999960519821285,1.0000048529906438,0.0001975746834544798
1.3102844638949673,0.42894471737410905,6.383181096802847,6.38318171594873,0.4255113726232915,0.00019470975194913034,0.9999963253107882,1.0000052175683052,0.0001957097269264274
1.3095680699835976,0.4230087010959113,6.409807300952591,6.4098080168596265,0.4193565994381237,0.00019280958855607554,0.9999966060399639,1.0000055851706124,0.0001938653564132983
1.3088524590163937,0.41624323632095617,6.436431772005578,6.436432583114236,0.41238570598538316,0.00019093794082195297,0.9999968932770563,1.0000059549516698,0.000192052222413201
1.308137629710541,0.4086361800356965,6.463054514344492,6.4630554191209075,0.4045891365234567,0.00018910580612777842,0.9999971861004919,1.0000063260315526,0.0001902812569272129
1.3074235807860262,0.40017975806920214,6.48967553228689,6.489676529228453,0.39596182241198913,0.00018732445064996005,0.9999974835639487,1.0000066975001958,0.00018856362708310302
1.3067103109656302,0.3908712762722146,6.516294830083608,6.516295917723895,0.386503857503515,0.0001856053560151793,0.999997784700728,1.0000070684214533,0.0001869106789883456
1.3059978189749182,0.38071384727640506,6.542912411917316,6.54291358883034,0.3762211786503688,0.00018396015520186516,0.999998088528217,1.0000074378373167,0.00018533387119400377
1.3052861035422343,0.369717111464566,6.5695282819015475,6.5695295467053265,0.3651262295921016,0.00018240055713965016,0.9999983940524537,1.000007804772282,0.000183844697381697
1.3045751633986928,0.3578979256683073,6.596142444079886,6.596143795439294,0.3532385819226234,0.00018093825976095744,0.9999987002727432,1.000008168237821,0.00018245459822544157
1.3038649972781708,0.3452809885108978,6.622754902425719,6.62275633905462,0.34058548305264236,0.00017958485167416632,0.9999990061863273,1.0000085272369568,0.00018117486278692883
1.3031556039173013,0.3318993673941765,6.649365660841971,6.649367181504634,0.3272022980488436,0.00017835170312426876,0.9999993107930625,1.0000088807689136,0.00018001652030500247
1.302446982055465,0.3177948897233062,6.675974723161566,6.675976326673351,0.31313281087503925,0.00017724984749524944,0.9999996131000971,1.0000092278338046,0.00017899022379443952
1.3017391304347825,0.3030183609867068,6.702582093147879,6.702583778375195,0.29842935155996264,0.0001762898552463744,0.9999999121265264,1.0000095674373644,0.0001781061274771551
1.3010320478001085,0.28762957433600195,6.729187774495744,6.729189540355298,0.2831527187890098,0.0001754817028437528,1.0000002069079892,1.000009898595678,0.0001773737606632224
1.3003257328990228,0.2716970822225328,6.755791770832598,6.755793616289932,0.2673718739141192,0.00017483463986817455,1.0000004965011982,1.0000102203398884,0.0001768019012578081
1.299620184481823,0.25529770940078617,6.782394085720148,6.782396009787481,0.25116339145147987,0.00017435705804028374,1.0000007799883701,1.0000105317208683,0.00017639845251739918
1.2989154013015183,0.238515798464191,6.808994722656148,6.8089967243895515,0.23461066267926878,0.0001740563662922493,1.000001056481548,1.0000108318138257,0.00017617032697757844
1.298211382113821,0.22144219360248824,6.83559368507659,6.835595763572506,0.21780286263430879,0.0001739388761947375,1.0000013251267694,1.0000111197228143,0.00017612334156091156
1.2975081256771397,0.20417298393729297,6.862190976358191,6.862193130749325,0.20083370511125992,0.00017400970198658473,1.0000015851080928,1.0000113945851503,0.00017626212771334714
1.2968056307525717,0.18680804370040546,6.888786599821076,6.8887888292717,0.18380002420426503,0.00017427267909872306,1.0000018356514335,1.0000116555756766,0.00017659006002126852
1.2961038961038962,0.1694494206693009,6.915380558731806,6.915382862432494,0.166800232964926,0.0001747303044313966,1.000002076028206,1.0000119019108915,0.00017710920608824673
1.2954029204975663,0.15219963547160975,6.941972856306605,6.941975233468449,0.14993271862241234,0.000175383700762518,1.0000023055587515,1.000012132852893,0.00017782029959606508
1.2947027027027027,0.1351599610176649,6.968563495714903,6.968565945563242,0.13329423850715216,0.00017623260661474348,1.0000025236155283,1.0000123477131377,0.0001787227374672342
1.294003241491086,0.11842875284489943,6.995152480082945,6.995155001850649,0.11697838068978371,0.0001772753917250887,1.0000027296260583,1.0000125458559754,0.00017981460096079614
1.293304535637149,0.10209989729889586,7.02173981249779,7.021742405418163,0.10107414866561286,0.00017850909711834297,1.0000029230755985,1.0000127267019592,0.00018109269949336971
1.292606583917971,0.08626143572725312,7.048325496011328,7.048328159310644,0.08566472043636797,0.00017992949770063367,1.0000031035095542,1.0000128897309164,0.00018255263503099656
1.2919093851132686,0.07082549767948579,7.074909533723476,7.07491226687121,0.07066047403724303,0.00018196018526243728,1.000003272382016,1.00001303668364,0.00018461816792993493
1.291212938005391,0.05600716204292795,7.101491928532428,7.101494730902112,0.05626716876156568,0.0001844892510432787,1.0000034289013886,1.000013166618973,0.00018717723493475008
1.2905172413793105,0.04201387336165704,7.128072683327894,7.128075554066454,0.042685141506218896,0.00018718749510753882,1.00000357141939,1.000013277561212,0.0001899004365387225
1.2898222940226172,0.02888765219034667,7.154651801061904,7.154654739277232,0.029953221123847937,0.00019004611006222428,1.000003699739707,1.0000133692519146,0.0001927790344050565
1.2891280947255113,0.01666097668625448,7.1812292846738845,7.181232289426463,0.018101232725051285,0.00019305564572378843,1.000003813733599,1.0000134415029567,0.00019580368621586227
1.2884346422807962,0.0053572675833019195,7.207805137095387,7.2078082073899115,0.007150477317468415,0.0001962061304404358,1.000003913340439,1.000013494197837,0.00019896456069583662
1.2877419354838708,-0.005008483620454933,7.234379361254921,7.234382496031954,-0.00288566223705249,0.00019948718571443445,1.000003998567899,1.000013527292622,0.00020225144606722813
1.2870499731327243,-0.014428986670437438,7.260951960082633,7.260955158210372,-0.012001028312007181,0.0002028881322711563,1.000004069491838,1.0000135408165953,0.00020565385028977975
1.2863587540279269,-0.02290386440109268,7.287522936515161,7.287526196781363,-0.020195944347867367,0.00020639808644051788,1.0000041262558272,1.0000135348725327,0.00020916109210502077
1.2856682769726249,-0.03043883915869613,7.3140922935003125,7.314095614604451,-0.027476450585815524,0.00021000604620226995,1.0000041690703523,1.0000135096366478,0.00021276238233956986
1.2849785407725323,-0.03704492279622563,7.340660034001692,7.340663414547386,-0.03385354560258477,0.00021370096680251962,1.0000041982117054,1.0000134653582062,0.00021644689541134652
1.2842895442359248,-0.04273763291193336,7.367226161003359,7.367229599491149,-0.039342453853756336,0.00021747182616103122,1.000004214020532,1.000013402358781,0.0002202038312725574
1.2836012861736334,-0.0475362524358119,7.393790677514213,7.393794172334738,-0.043961934417538095,0.0002213076806129189,1.0000042169000756,1.0000133210311732,0.00022402246830771787
1.2829137653990357,-0.05146314405450514,7.420353586572362,7.420357135999979,-0.04773364113082718,0.00022519771169661153,1.0000042073141175,1.0000132218380071,0.00022789220785005574
1.2822269807280513,-0.05454312677645008,7.44691489124932,7.446918493436236,-0.05068154055603411,0.00022913126482690022,1.0000041857846105,1.0000131053099819,0.0002318026110999522
1.2815409309791332,-0.056802917877484566,7.473474594653956,7.4734782476249135,-0.05283139060397989,0.00023309788074603202,1.0000041528890353,1.0000129720438082,0.00023574342927576504
1.280855614973262,-0.05827064065622139,7.5000326999364075,7.500036401583978,-0.05421028011321109,0.0002370873206497736,1.0000041092574767,1.0000128226998304,0.00023970462781964863
1.2801710315339392,-0.0589753962607466,7.526589210291587,7.5265929583721185,-0.05484622775314077,0.0002410895858590442,1.0000040555694487,1.000012657999342,0.0002436764054744624
1.2794871794871794,-0.05894689615268385,7.553144128962655,7.553147921092907,-0.054767837114535894,0.00024509493285860813,1.0000039925504658,1.0000124787216158,0.000247649208982766
1.2788040576615056,-0.058215150858771415,7.5796974592440725,7.579701292898592,-0.054004003974128245,0.0002490938844443391,1.0000039209684009,1.000012285700653,0.0002516137441072833
1.2781216648879403,-0.056810209991066986,7.6062492044845555,7.606253076993821,-0.0525836711920146,0.00025307723766308587,1.0000038416296175,1.0000120798216607,0.00025556098359734387
1.2774400000000001,-0.05476194833708288,7.6327993680895805,7.632803276638954,-0.05053562644798779,0.00025703606913525566,1.0000037553749221,1.0000118620172984,0.00025948217265998744
1.2767590618336886,-0.052099892741985884,7.659347953523776,7.659351895153283,-0.047888338011236604,0.00026096173827423887,1.0000036630753444,1.0000116332636775,0.0002633688324126754
1.2760788492274908,-0.04885308483787648,7.68589496431292,7.685898935917888,-0.044669824001907874,0.000264845888856622,1.0000035656277606,1.00001139457616,0.0002672127617414831
1.2753993610223642,-0.045049974684174314,7.712440404045603,7.712444402378176,-0.04090755059925792,0.00026868044931604827,1.0000034639503956,1.0000111470049553,0.00027100603791596097
1.274720596061735,-0.040718341152796246,7.738984276374671,7.738988298046222,-0.03662835537151636,0.00027245763207053684,1.0000033589782107,1.0000108916305532,0.00027474101625932863
1.2740425531914894,-0.035885234959928694,7.7655265850182085,7.765530626502655,-0.031858391935642695,0.00027616993215732723,1.0000032516582125,1.0000106295589983,0.00027841032912171874
1.273365231259968,-0.03057694081829666,7.79206733376037,7.792071391398402,-0.026623092688613067,0.0002798101253831241,1.0000031429446925,1.0000103619170368,0.0002820068843621511
1.2726886291179595,-0.02481895564255412,7.818606526451659,7.818610596455876,-0.020947146749886368,0.0002833712661574686,1.000003033794437,1.0000100898471576,0.00028552386350125356
1.2720127456186934,-0.018635980017378068,7.84514416700914,7.845148245470107,-0.01485449053528099,0.0002868466851603731,1.0000029251619174,1.0000098145025496,0.0002889547196815214
1.2713375796178346,-0.012051920562866946,7.871680259415962,7.871684342309163,-0.008368308740909434,0.00029022998694513616,1.0000028179944838,1.0000095370419952,0.0002922931755401539
1.2706631299734745,-0.0050899012001613874,7.898214807720946,7.898218890914633,-0.0015110438677602366,0.0002935150475577271,1.0000027132276048,1.0000092586247329,0.00029553322107177867
1.2699893955461294,0.002227718431861135,7.924747816037504,7.924751895301409,0.005695587348103351,0.0002966960122446811,1.0000026117801466,1.0000089804053016,0.0002986691115494505
1.2693163751987282,0.009879318898699623,7.951279288542445,7.951283359557357,0.013230572013438443,0.0002997672932911647,1.0000025145497435,1.0000087035283995,0.000301695365547128
1.26864406779661,0.01784399241539712,7.977809229474319,7.97781328784248,0.021073574777429924,0.00030272356802351974,1.000002422408267,1.0000084291237845,0.0003046067631004007
1.2679724722075172,0.026101510855663097,8.00433764313155,8.004341684387837,0.02920490814383013,0.00030555977699325273,1.000002336197413,1.0000081583012232,0.00030739834401871425
1.2673015873015872,0.034569812106043464,8.030864532068502,8.030868551942605,0.03753785773200248,0.0003088273227222817,1.000002259207568,1.0000078952285065,0.0003106221313165229
1.2666314119513484,0.04325637542243745,8.057389902240272,8.057393896185395,0.04608585853493409,0.00031200868262316027,1.0000021898932474,1.0000076380966394,0.0003137601982883007
1.2659619450317123,0.05214591838093742,8.083913758244451,8.083917721665417,0.0548344907300199,0.00031505665627596074,1.0000021287876126,1.0000073876870872,0.00031676539620042104
1.2652931854199683,0.06122009759831853,8.110436104593774,8.110440032880339,0.06376582577662324,0.0003179670546824089,1.0000020765694735,1.0000071449800165,0.00031963362586470863
1.2646251319957762,0.07046112108308514,8.136956945847071,8.136960834388441,0.07286246507053759,0.0003207359357731734,1.000002033868025,1.0000069109121055,0.0003223610322090113
1.2639577836411608,0.07985169780505942,8.163476286605604,8.163480130805468,0.0821074918954078,0.00032335960535336895,1.0000020012596214,1.0000066863723605,0.0003249440051496386
1.2632911392405064,0.089374988654407,8.189994131509401,8.189997926801404,0.09148442462002568,0.00032583461828127253,1.0000019792648034,1.000006472198116,0.00032737918067918855
1.2626251976805483,0.0990145588531576,8.21651048523322,8.216514227096829,0.10097717121593487,0.0003281577798683465,1.0000019683456167,1.0000062691713199,0.0003296634421591226
1.2619599578503689,0.10875433168441855,8.243025352482391,8.24302903645907,0.11056998496709051,0.0003303261474802101,1.0000019689031963,1.000006078015019,0.0003317939218001717
1.26129541864139,0.11857854357348177,8.269538737988531,8.269542359698166,0.12024742142433623,0.00033233703233787493,1.0000019812756689,1.0000058993901515,0.0003337680023256137
1.2606315789473683,0.1284717003472432,8.296050646505046,8.296054201662542,0.12999429643279212,0.0003341880014897684,1.0000020057363626,1.0000057338926127,0.000335583318796144
1.2599684376643872,0.13841853472043547,8.322561082802569,8.322564567234553,0.13979564529777203,0.0003358768799628925,1.0000020424923297,1.000005582050617,0.0003372377605994673
1.2593059936908517,0.14840396476864323,8.349070051664274,8.349073461325816,0.14963668285747225,0.00033740175307541277,1.0000020916832064,1.0000054443223803,0.0003387294735899609
1.2586442459274831,0.1584130534479598,8.375577557881172,8.375580888872452,0.1595027645269238,0.00033876096890385023,1.0000021533804027,1.00000532109412,0.00034005686237493544
1.257983193277311,0.16843096892835388,8.402083606247242,8.40208685483009,0.16937934810121744,0.00033995314090825245,1.0000022275866347,1.000005212678393,0.00034121859274338607
1.2573228346456693,0.17844294576557262,8.428588201554692,8.428591364168915,0.17925195633699026,0.0003409771507035771,1.0000023142357926,1.0000051193127786,0.0003422135942354848
1.2566631689401888,0.18843424673831027,8.455091348589043,8.455094421868456,0.189106140155472,0.0003418321509843237,1.0000024131931584,1.0000050411588997,0.0003430410628538248
1.2560041950707919,0.19839012530378014,8.481593052124406,8.4815960329125,0.1989274424261946,0.0003425175686012618,1.000002524255964,1.0000049783018172,0.000343700463915271
1.2553459119496853,0.20829578863504064,8.508093316918721,8.508096202283866,0.2087013622984569,0.00034303310778873407,1.000002647154283,1.000004930749759,0.0003441915350464757
1.2546883184913569,0.21813636109089465,8.534592147709011,8.53459493495916,0.21841331993658628,0.00034337875355342244,1.0000027815522736,1.0000048984342265,0.0003445142893273272
1.2540314136125652,0.2278968481542501,8.561089549206892,8.561092235903644,0.228048621703532,0.0003435547752297261,1.0000029270497355,1.000004881210453,0.0003446690185934927
1.2533751962323392,0.23756210077733517,8.587585526093957,8.587588110065964,0.2375924257281265,0.00034356173020238845,1.0000030831840045,1.0000048788582212,0.000344656296894432
1.2527196652719665,0.2471167800718949,8.614080083017633,8.614082562373243,0.24702970780036512,0.00034340046781706086,1.0000032494321531,1.0000048910830328,0.00034447698412704605
1.2520648196549922,0.2565453224444506,8.640573224586817,8.640575597725901,0.2563452276952044,0.00034307213347636135,1.0000034252134975,1.0000049175176313,0.0003441322298448318
1.2514106583072098,0.2658319051366803,8.667064955368037,8.667067220992907,0.26552349587912666,0.00034257817294373373,1.0000036098924052,1.0000049577238648,0.0003436234772628258
1.250757180156658,0.2749604122520815,8.693555279881556,8.693557437006934,0.2745487406849944,0.00034192033685642655,1.0000038027813685,1.0000050111948828,0.0003429524674554852
1.2501043841336115,0.2839144013894026,8.720044202597899,8.720046250559864,0.2834048760622368,0.00034110068546985877,1.0000040031443562,1.000005077357659,0.00034212124377697514
1.249452269170579,0.2926770710063712,8.746531727934418,8.746533666398273,0.2920754700300366,0.0003401215936385465,1.0000042102004,1.0000051555758238,0.0003411321565006628
1.248800834202294,0.3012312286947827,8.773017860252345,8.773019689219353,0.30054371398500107,0.00033898575604498495,1.00000442312743,1.0000052451528025,0.00033998786769317977
1.248150078165711,0.309559260641658,8.799502603853893,8.799504323666822,0.30879239314426316,0.0003376961926936621,1.0000046410663053,1.0000053453352293,0.00033869135633745896
1.2474999999999998,0.3176431025549302,8.825985962979805,8.825987574327252,0.3168038583690072,0.00033625625467100987,1.0000048631250444,1.0000054553166327,0.0003372459237079466
1.2468505986465381,0.32546421244353313,8.85246794180715,8.852469445726602,0.3245599997406919,0.0003346696301809926,1.000005088383246,1.0000055742413998,0.00033565519900142273
1.2462018730489075,0.33300354577521085,8.878948544447349,8.878949942326926,0.33204222238537057,0.0003329403508594324,1.0000053158966247,1.0000057012089187,0.00033392314523647266
1.2455538221528861,0.34024153346721775,8.905427774944716,8.9054290685236,0.3392314249613598,0.0003310727983623278,1.0000055447017056,1.0000058352779884,0.0003320540654062836
1.2449064449064446,0.3471580635563532,8.931905637275133,8.931906828642623,0.346107981616068,0.00032907171120980037,1.0000057738206192,1.000005975471399,0.0003300526088755265
1.2442597402597402,0.3535908671188098,8.958382134299473,8.95838322596913,0.35251066476702686,0.0003270681580565817,1.000006002773701,1.0000061214896123,0.0003280499930972183
1.2436137071651088,0.35929147795142397,8.984857268225133,8.984858263173656,0.3581924092665601,0.0003252557997719941,1.000006231302757,1.000006273337629,0.00032624015188722973
1.242968344577063,0.364584334696964,9.011331045400377,9.011331946755044,0.3634768673748329,0.00032332526347294313,1.0000064571311165,1.0000064281736425,0.00032431296880653466
1.242323651452282,0.3694478042242508,9.037803469523428,9.03780428074436,0.3683429259831181,0.00032128295918084477,1.0000066792722158,1.0000065849250444,0.00032227471219764244
1.241679626749611,0.37385984429735925,9.064274544223126,9.064275269095411,0.3727690725639757,0.0003191357182932975,1.0000068967498543,1.0000067425083028,0.00032013205824792275
1.2410362694300519,0.37779804923920185,9.090744273059732,9.090744915684159,0.37673343764052986,0.0003168908012527411,1.0000071086031237,1.0000068998342362,0.000317892098225462
1.2403935784567581,0.3812397102344105,9.117212659526107,9.117213224308564,0.3802138510227542,0.00031455590471575403,1.0000073138912648,1.00000705581331,0.00031556234525934826
1.2397515527950311,0.3841618924522445,9.143679707049177,9.143680198688712,0.3831879138581808,0.00031213916801292385,1.0000075116984324,1.0000072093609398,0.00031315074045663096
1.2391101914123124,0.38654153133809627,9.170145418991856,9.170145842467432,0.385633088717781,0.00030964917863093806,1.0000077011383617,1.0000073594027772,0.0003106656581213001
1.2384694932781801,0.38835555043437864,9.196609798655148,9.196610159211165,0.3875268099169846,0.00030709497640926984,1.0000078813588782,1.000007504879939,0.0003081159097772112
1.237829457364341,0.3895810033642491,9.223072849280685,9.223073152411256,0.38884661657536546,0.0003044860561004221,1.0000080515462646,1.0000076447541701,0.0003055107466805434
1.237190082644628,0.39019524257500676,9.249534574053428,9.249534825485526,0.3895703108699203,0.0003018323678436072,1.0000082109294426,1.0000077780129186,0.0003028598603910783
1.2365513680949922,0.3901761173165319,9.275994976104851,9.27599518178032,0.38967614384168203,0.00029914431508052666,1.0000083587839583,1.0000079036742817,0.00030017338097943283
1.2359133126934985,0.38950220329182206,9.302454058516187,9.30245422457272,0.38914303109886916,0.0002964327493576606,1.0000084944357308,1.0000080207918052,0.0002974618723445563
1.2352759154203197,0.3881530660666416,9.328911824322082,9.32891195707322,0.3879508004637138,0.0002937089613731097,1.000008617264577,1.0000081284591287,0.00029473632404326193
1.234639175257732,0.38610955976502614,9.355368276514472,9.355368382428697,0.38608047310431964,0.00029098466759852365,1.0000087267074729,1.000008225814434,0.00029200813901530774
1.234003091190108,0.3833541618771179,9.381823418046594,9.38182350372559,0.3835145790778469,0.00028827199170845417,1.0000088222615227,1.000008312044675,0.00028928911648582514
1.2333676622039136,0.37987134406933465,9.40827725183729,9.408277323993467,0.38023750739555723,0.0002855834400340431,1.0000089034866593,1.0000083863895928,0.0002865914292990869
1.2327328872876993,0.3756479774982223,9.434729780775488,9.43472984620882,0.3762358894427756,0.0002829318701977733,1.0000089700080264,1.0000084481454696,0.00028392759491097303
1.2320987654320987,0.37067376963737114,9.461181007724765,9.461181073299091,0.3714990132722652,0.0002803304521087952,1.000009021518043,1.0000084966686171,0.0002813104392451545
1.23146529562982,0.36494172749725645,9.487630935528179,9.487631008147005,0.36601926433550325,0.00027779262050191045,1.0000090577781424,1.0000085313785771,0.00027875305263977846
1.230832476875642,0.35844864012002,9.514079567013052,9.514079653594978,0.3597925864026071,0.0002753320182867678,1.0000090786201623,1.000008551761025,0.0002762687371746776
1.23020030816641,0.3511955704755303,9.540526904996035,9.540527012449902,0.35281895388098383,0.0002729624301008467,1.000009083947402,1.0000085573703494,0.00027387094477280736
1.2295687885010265,0.34318834429189166,9.566972952288031,9.566973087487886,0.3451028443238455,0.00027069770561720765,1.000009073735312,1.0000085478319154,0.0002715732056108186
1.2289379168804517,0.33443802070185186,9.59341771169936,9.593417881459363,0.33665369742957335,0.00026855167244066403,1.0000090480318373,1.0000085228439743,0.00026938904662046674
1.2283076923076923,0.32496132683654155,9.61986118604479,9.619861397094127,0.3274863441763986,0.00026653803871489894,1.000009006957388,1.000008482179235,0.0002673319001193417
1.2276781137878012,0.3147810364748265,9.646303378148634,9.646303637106588,0.31762138771978077,0.0002646702859686627,1.0000089507044632,1.0000084256860713,0.0002654150029790601
1.2270491803278691,0.3039262712722638,9.672744290849815,9.672744604201075,0.30708551600450007,0.00026296155316757195,1.0000088795368962,1.0000083532893662,0.0002636512871287464
1.22642089093702,0.2924327025233464,9.699183927006814,9.699184301077134,0.29591172521551196,0.0002614245134449851,1.000008793788755,1.0000082649909914,0.00026205326266884804
1.2257932446264073,0.2803426321539208,9.725622289502601,9.725622730434923,0.2841394335514172,0.0002600712454853282,1.000008693862885,1.0000081608699107,0.0002606328953289586
1.2251662404092072,0.26770493374803433,9.752059381249401,9.752059894980539,0.2718144663644363,0.0002589131020757195,1.0000085802290979,1.0000080410819134,0.00025940148052333237
1.2245398773006133,0.2545748382878382,9.778495205193405,9.778495797431404,0.25898889689303345,0.0002579605787690481,1.0000084534220288,1.0000079058589753,0.0002583695166717643
1.2239141543178333,0.24101355460439994,9.80492976431917,9.804930440521424,0.2457207313855754,0.0002572231860290383,1.0000083140386578,1.0000077555082496,0.000257546580883184
1.2232890704800814,0.2270877215409766,9.831363061654091,9.831363827006356,0.2320734335626961,0.0002567093284403543,1.00000816273551,1.0000075904106922,0.00025694121034729466
1.2226646248085757,0.21286869676000586,9.857795100272329,9.857795959668682,0.2181152905987841,0.0002564261946852428,1.000008000225553,1.0000074110193296,0.0002565607929257183
1.2220408163265306,0.19843169560509166,9.884225883298871,9.88422684132275,0.20391863061749488,0.0002563796618493123,1.0000078272748032,1.0000072178571742,0.00025641147037797844
1.2214176440591535,0.18369315531231234,9.910655411032415,9.910656472175285,0.18939157358584202,0.0002568024029430019,1.000007645253603,1.000007012564387,0.00025672652702228116
1.220795107033639,0.16883896900737455,9.937083687962545,9.937084856270808,0.17471972477330971,0.00025759814393866843,1.000007454746348,1.00000679530355,0.00025740998737860553
1.2201732042791644,0.15404722692481168,9.963510718983986,9.963511998013223,0.16008248257693034,0.00025864192225231075,1.0000072563405706,1.00000656620305,0.0002583371857762
1.2195519348268837,0.1393976507701329,9.989936507461193,9.989937900392523,0.1455583015368273,0.00025993355237094034,1.0000070509754757,1.0000063260384446,0.0002595084265478624
1.2189312977099236,0.12496758183092735,10.016361056824827,10.016362566452518,0.1312237309886586,0.00026147136000359366,1.000006839622527,1.000006075639944,0.00026092255882372695
1.2183112919633774,0.11083092763876141,10.042784370573868,10.04278599929449,0.11715236788922971,0.00026325222608071665,1.0000066232806788,1.000005815888473,0.0002625770111763973
1.217691916624301,0.09705722492690032,10.0692064522775,10.069208202080656,0.10341390921592343,0.00026527165183611544,1.0000064029714475,1.0000055477114724,0.00026446784716685533
1.217073170731707,0.08371084502899714,10.095627305576501,10.095629178037221,0.09007333145382665,0.00026752384232538125,1.000006179733846,1.0000052720784587,0.0002665898395252508
1.2164550533265617,0.07085035990919383,10.122046934184436,10.122048930457265,0.0771902176227663,0.0002700018052049137,1.0000059546192228,1.0000049899963859,0.0002689365601147885
1.2158375634517766,0.058528077780339,10.148465341888295,10.14846746270311,0.06481824364656073,0.00027269746127217185,1.0000057286860153,1.0000047025048093,0.0002715004824603342
1.2152207001522068,0.04678974894216468,10.174882532548972,10.174884778208565,0.053004827866772956,0.00027560176314325523,1.0000055029944417,1.0000044106708725,0.000274273093418323
1.214604462474645,0.035674434879715895,10.201298510101177,10.201300880480634,0.0417909399902285,0.0002787048185415699,1.0000052786011704,1.0000041155841592,0.0002772450106042241
1.2139888494678155,0.025214527300482088,10.227713278553075,10.227715773100952,0.03121105914906836,0.00028199601488533083,1.0000050565539862,1.0000038183514233,0.00028040610231496816
1.2133738601823707,0.015435899205204795,10.254126841985567,10.254129459726883,0.02129326584113527,0.000285464142227521,1.0000048378864734,1.0000035200912145,0.00028374560700445697
1.212759493670886,0.006358167096580144,10.280539204551054,10.2805419440921,0.012059448987076846,0.00028909751207255763,1.0000046236127547,1.000003221928448,0.00028725224976894445
1.2121457489878542,-0.0020049579640914416,10.306950370472041,10.306953230006997,0.0035256073944992233,0.0002928840700546532,1.000004414722303,1.000002924988912,0.00029091435373324444
1.2115326251896812,-0.009645252668535876,10.333360344039171,10.3333633213585,-0.004297775552873358,0.00029681150097336404,1.0000042121748536,1.0000026303937715,0.0002947199446958412
1.2109201213346814,-0.01655951828801695,10.359769129609058,10.359772222109687,-0.01140530463335016,0.00030086732515611136,1.0000040168954465,1.0000023392540747,0.00029865684786581543
1.2103082364830724,-0.02274909111960757,10.386176731601633,10.38617993629886,-0.017796211983627446,0.00030503898555192684,1.0000038297696192,1.0000020526652897,0.00030271277594166195
1.2096969696969695,-0.0282193432663018,10.412583154497302,10.412586468038386,-0.02347387974492076,0.00030931392532027713,1.000003651638775,1.0000017717019083,0.00030687540815375815
1.2090863200403834,-0.03297918767964879,10.438988402833598,10.438991821513017,-0.028445360631569234,0.0003136796559996406,1.000003483295757,1.0000014974121325,0.0003111324602206654
1.208476286579213,-0.03704059854952305,10.465392481201704,10.465396000977982,-0.03272090820148669,0.00031812381658660537,1.0000033254806358,1.0000012308126696,0.000315471745432907
1.2078668683812404,-0.04041815562025285,10.491795394242565,10.491799010756644,-0.036313526186719014,0.000322634224015333,1.000003178876753,1.0000009728836745,0.0003198812272524858
1.2072580645161288,-0.04312861843796375,10.518197146642722,10.518200855237776,-0.03923854372788989,0.00032719891568101675,1.0000030441070198,1.0000007245638431,0.0003243490639889414
1.2066498740554152,-0.04519053438145018,10.544597743129989,10.544601538872627,-0.041513221126521185,0.0003318061847004063,1.000002921730508,1.000000486745697,0.0003288636461802606
1.2060422960725077,-0.0466238828143571,10.570997188468677,10.57100106617143,-0.04315638920509398,0.00033644460865348073,1.0000028122393427,1.0000002602710778,0.000333413627374235
1.2054353296426772,-0.047449755801632736,10.597395487454934,10.597399441699954,-0.04418812337353112,0.00034110307254597383,1.0000027160559055,1.0000000459268625,0.0003379879490125115
1.2048289738430582,-0.04769007510696603,10.6237926449115,10.623796670075352,-0.044629452686130756,0.0003457707867160781,1.0000026335303889,0.9999998444409466,0.0003425758601210034
1.2042232277526395,-0.047367344058980326,10.650188665682634,10.650192755962097,-0.04450210295753918,0.00035043730036934435,1.0000025649386923,0.999999656478492,0.0003471669324744447
1.2036180904522613,-0.04650443238181826,10.676583554628609,10.676587704067362,-0.04382827243339021,0.00035509251137407714,1.0000025104806598,0.9999994826384467,0.00035175107186641795
1.2030135610246107,-0.045124391708770514,10.70297731662036,10.702981519136447,-0.04263043804075971,0.0003597266728998598,1.0000024702787234,0.9999993234504065,0.00035631852606361834
1.2024096385542167,-0.04325029917456819,10.729369956533768,10.729374205947726,-0.04093118985799062,0.00036433039741323833,1.0000024443769078,0.9999991793717863,0.00036085988996844485
1.2018063221274462,-0.0409051264404198,10.755761479244072,10.755765769307592,-0.03875309134164033,0.0003688946585023941,1.000002432740202,0.9999990507853027,0.0003653661084684494
1.2012036108324975,-0.03811163160203258,10.782151889620136,10.78215621404513,-0.03611856288136646,0.00037341079092457184,1.0000024352543615,0.9999989379968564,0.00036982847737742714
1.2006015037593984,-0.03489227126979883,10.808541192518781,10.80854554500673,-0.03304978606244851,0.00037787048922256766,1.0000024517260737,0.9999988412337373,0.0003742386428256613
1.2,-0.03126913052683001,10.834929392778978,10.834933767050444,-0.02956862639105548,0.0003822658052360063,1.0000024818835234,0.9999987606432177,0.00037858859943995683
